WARNING:root:Relative goal position magnitude had to be clamped to be safe.
{   'elbow_flex': {   'original goal_pos': 19.16,
                      'safe goal_pos': -24.802197802197796},
    'shoulder_lift': {   'original goal_pos': -11.43,
                         'safe goal_pos': 59.7032967032967},
    'wrist_flex': {   'original goal_pos': 16.35,
                      'safe goal_pos': 13.703296703296704}}
WARNING:root:Relative goal position magnitude had to be clamped to be safe.
{   'elbow_flex': {   'original goal_pos': 19.16,
                      'safe goal_pos': -24.714285714285708},
    'shoulder_lift': {   'original goal_pos': -11.43,
                         'safe goal_pos': 59.7032967032967},
    'wrist_flex': {   'original goal_pos': 16.35,
                      'safe goal_pos': 13.791208791208792}}
WARNING:root:Relative goal position magnitude had to be clamped to be safe.
{   'elbow_flex': {   'original goal_pos': 19.16,
                      'safe goal_pos': -23.043956043956044},
    'shoulder_lift': {   'original goal_pos': -11.43,
                         'safe goal_pos': 58.472527472527474},
    'wrist_flex': {   'original goal_pos': 16.35,
                      'safe goal_pos': 15.285714285714285}}
WARNING:root:Relative goal position magnitude had to be clamped to be safe.
{   'elbow_flex': {   'original goal_pos': 19.16,
                      'safe goal_pos': -18.736263736263737},
    'shoulder_lift': {   'original goal_pos': -11.43,
                         'safe goal_pos': 54.51648351648352}}
WARNING:root:Relative goal position magnitude had to be clamped to be safe.
{   'elbow_flex': {   'original goal_pos': 19.16,
                      'safe goal_pos': -14.164835164835168},
    'shoulder_lift': {   'original goal_pos': -11.43,
                         'safe goal_pos': 49.329670329670336}}
WARNING:root:Relative goal position magnitude had to be clamped to be safe.
{   'elbow_flex': {   'original goal_pos': 19.16,
                      'safe goal_pos': -9.241758241758241},
    'shoulder_lift': {   'original goal_pos': -11.43,
                         'safe goal_pos': 44.05494505494505}}
WARNING:root:Relative goal position magnitude had to be clamped to be safe.
{   'elbow_flex': {   'original goal_pos': 19.16,
                      'safe goal_pos': -4.318681318681321},
    'shoulder_lift': {   'original goal_pos': -11.43,
                         'safe goal_pos': 38.42857142857143}}
WARNING:root:Relative goal position magnitude had to be clamped to be safe.
{   'elbow_flex': {   'original goal_pos': 19.16,
                      'safe goal_pos': 0.6923076923076934},
    'shoulder_lift': {   'original goal_pos': -11.43,
                         'safe goal_pos': 32.62637362637362}}
WARNING:root:Relative goal position magnitude had to be clamped to be safe.
{   'elbow_flex': {   'original goal_pos': 19.16,
                      'safe goal_pos': 5.967032967032964},
    'shoulder_lift': {   'original goal_pos': -11.43,
                         'safe goal_pos': 26.736263736263737}}
WARNING:root:Relative goal position magnitude had to be clamped to be safe.
{   'elbow_flex': {   'original goal_pos': 19.16,
                      'safe goal_pos': 11.417582417582416},
    'shoulder_lift': {   'original goal_pos': -11.43,
                         'safe goal_pos': 20.84615384615384}}
WARNING:root:Relative goal position magnitude had to be clamped to be safe.
{   'elbow_flex': {   'original goal_pos': 19.16,
                      'safe goal_pos': 16.956043956043956},
    'shoulder_lift': {   'original goal_pos': -11.43,
                         'safe goal_pos': 15.131868131868131}}
WARNING:root:Relative goal position magnitude had to be clamped to be safe.
{   'shoulder_lift': {   'original goal_pos': -11.43,
                         'safe goal_pos': 9.857142857142854}}
WARNING:root:Relative goal position magnitude had to be clamped to be safe.
{   'shoulder_lift': {   'original goal_pos': -11.43,
                         'safe goal_pos': 4.6703296703296715}}
WARNING:root:Relative goal position magnitude had to be clamped to be safe.
{   'shoulder_lift': {   'original goal_pos': -11.43,
                         'safe goal_pos': -0.8681318681318686}}
WARNING:root:Relative goal position magnitude had to be clamped to be safe.
{   'shoulder_lift': {   'original goal_pos': -11.43,
                         'safe goal_pos': -6.582417582417584}}
WARNING:root:Relative goal position magnitude had to be clamped to be safe.
{   'elbow_flex': {   'original goal_pos': -2.24,
                      'safe goal_pos': -32.89010989010988},
    'wrist_flex': {   'original goal_pos': 64.92,
                      'safe goal_pos': 47.9010989010989},
    'wrist_roll': {   'original goal_pos': -76.88,
                      'safe goal_pos': -28.428571428571427}}
WARNING:root:Relative goal position magnitude had to be clamped to be safe.
{   'elbow_flex': {   'original goal_pos': -2.24,
                      'safe goal_pos': -32.89010989010988},
    'wrist_flex': {   'original goal_pos': 64.92,
                      'safe goal_pos': 47.98901098901099},
    'wrist_roll': {   'original goal_pos': -76.88,
                      'safe goal_pos': -28.516483516483518}}
WARNING:root:Relative goal position magnitude had to be clamped to be safe.
{   'elbow_flex': {   'original goal_pos': -2.24,
                      'safe goal_pos': -31.659340659340657},
    'wrist_flex': {   'original goal_pos': 64.92,
                      'safe goal_pos': 48.956043956043956},
    'wrist_roll': {   'original goal_pos': -76.88,
                      'safe goal_pos': -29.043956043956044}}
WARNING:root:Relative goal position magnitude had to be clamped to be safe.
{   'elbow_flex': {   'original goal_pos': -2.24,
                      'safe goal_pos': -30.07692307692308},
    'wrist_flex': {   'original goal_pos': 64.92,
                      'safe goal_pos': 49.83516483516483},
    'wrist_roll': {   'original goal_pos': -76.88,
                      'safe goal_pos': -31.24175824175824}}
WARNING:root:Relative goal position magnitude had to be clamped to be safe.
{   'elbow_flex': {   'original goal_pos': -2.24,
                      'safe goal_pos': -28.758241758241752},
    'wrist_flex': {   'original goal_pos': 64.92,
                      'safe goal_pos': 50.62637362637363},
    'wrist_roll': {   'original goal_pos': -76.88,
                      'safe goal_pos': -32.38461538461539}}
WARNING:root:Relative goal position magnitude had to be clamped to be safe.
{   'elbow_flex': {   'original goal_pos': -2.24,
                      'safe goal_pos': -27.35164835164835},
    'wrist_flex': {   'original goal_pos': 64.92,
                      'safe goal_pos': 51.24175824175824},
    'wrist_roll': {   'original goal_pos': -76.88,
                      'safe goal_pos': -33.26373626373626}}
WARNING:root:Relative goal position magnitude had to be clamped to be safe.
{   'elbow_flex': {   'original goal_pos': -2.24,
                      'safe goal_pos': -25.5934065934066},
    'wrist_flex': {   'original goal_pos': 64.92,
                      'safe goal_pos': 51.68131868131868},
    'wrist_roll': {   'original goal_pos': -76.88,
                      'safe goal_pos': -35.10989010989011}}
WARNING:root:Relative goal position magnitude had to be clamped to be safe.
{   'elbow_flex': {   'original goal_pos': -2.24,
                      'safe goal_pos': -23.835164835164832},
    'wrist_flex': {   'original goal_pos': 64.92,
                      'safe goal_pos': 52.120879120879124},
    'wrist_roll': {   'original goal_pos': -76.88,
                      'safe goal_pos': -36.86813186813187}}
WARNING:root:Relative goal position magnitude had to be clamped to be safe.
{   'elbow_flex': {   'original goal_pos': -2.24,
                      'safe goal_pos': -22.07692307692308},
    'wrist_flex': {   'original goal_pos': 64.92,
                      'safe goal_pos': 52.2967032967033},
    'wrist_roll': {   'original goal_pos': -76.88,
                      'safe goal_pos': -38.53846153846154}}
WARNING:root:Relative goal position magnitude had to be clamped to be safe.
{   'elbow_flex': {   'original goal_pos': -2.24,
                      'safe goal_pos': -20.318681318681314},
    'wrist_flex': {   'original goal_pos': 64.92,
                      'safe goal_pos': 52.73626373626374},
    'wrist_roll': {   'original goal_pos': -76.88,
                      'safe goal_pos': -40.2967032967033}}
WARNING:root:Relative goal position magnitude had to be clamped to be safe.
{   'elbow_flex': {   'original goal_pos': -2.24,
                      'safe goal_pos': -18.472527472527474},
    'wrist_flex': {   'original goal_pos': 64.92,
                      'safe goal_pos': 52.824175824175825},
    'wrist_roll': {   'original goal_pos': -76.88,
                      'safe goal_pos': -41.967032967032964}}
WARNING:root:Relative goal position magnitude had to be clamped to be safe.
{   'elbow_flex': {   'original goal_pos': -2.24,
                      'safe goal_pos': -16.626373626373628},
    'wrist_flex': {   'original goal_pos': 64.92,
                      'safe goal_pos': 52.824175824175825},
    'wrist_roll': {   'original goal_pos': -76.88,
                      'safe goal_pos': -43.637362637362635}}
WARNING:root:Relative goal position magnitude had to be clamped to be safe.
{   'elbow_flex': {   'original goal_pos': -2.24,
                      'safe goal_pos': -14.956043956043956},
    'wrist_flex': {   'original goal_pos': 64.92,
                      'safe goal_pos': 52.824175824175825},
    'wrist_roll': {   'original goal_pos': -76.88,
                      'safe goal_pos': -45.21978021978022}}
WARNING:root:Relative goal position magnitude had to be clamped to be safe.
{   'elbow_flex': {   'original goal_pos': -2.24,
                      'safe goal_pos': -13.197802197802197},
    'wrist_flex': {   'original goal_pos': 64.92,
                      'safe goal_pos': 52.824175824175825},
    'wrist_roll': {   'original goal_pos': -76.88,
                      'safe goal_pos': -46.89010989010989}}
WARNING:root:Relative goal position magnitude had to be clamped to be safe.
{   'elbow_flex': {   'original goal_pos': -2.24,
                      'safe goal_pos': -11.527472527472526},
    'wrist_flex': {   'original goal_pos': 64.92,
                      'safe goal_pos': 52.824175824175825},
    'wrist_roll': {   'original goal_pos': -76.88,
                      'safe goal_pos': -48.472527472527474}}
WARNING:root:Relative goal position magnitude had to be clamped to be safe.
{   'elbow_flex': {   'original goal_pos': -2.24,
                      'safe goal_pos': -9.857142857142854},
    'wrist_flex': {   'original goal_pos': 64.92,
                      'safe goal_pos': 52.824175824175825},
    'wrist_roll': {   'original goal_pos': -76.88,
                      'safe goal_pos': -50.142857142857146}}
WARNING:root:Relative goal position magnitude had to be clamped to be safe.
{   'elbow_flex': {   'original goal_pos': -2.24,
                      'safe goal_pos': -8.010989010989015},
    'wrist_flex': {   'original goal_pos': 64.92,
                      'safe goal_pos': 52.824175824175825},
    'wrist_roll': {   'original goal_pos': -76.88,
                      'safe goal_pos': -51.72527472527472}}
WARNING:root:Relative goal position magnitude had to be clamped to be safe.
{   'elbow_flex': {   'original goal_pos': -2.24,
                      'safe goal_pos': -6.516483516483518},
    'wrist_flex': {   'original goal_pos': 64.92,
                      'safe goal_pos': 52.824175824175825},
    'wrist_roll': {   'original goal_pos': -76.88,
                      'safe goal_pos': -53.395604395604394}}
WARNING:root:Relative goal position magnitude had to be clamped to be safe.
{   'elbow_flex': {   'original goal_pos': -2.24,
                      'safe goal_pos': -4.934065934065934},
    'wrist_flex': {   'original goal_pos': 64.92,
                      'safe goal_pos': 52.824175824175825},
    'wrist_roll': {   'original goal_pos': -76.88,
                      'safe goal_pos': -54.97802197802198}}
WARNING:root:Relative goal position magnitude had to be clamped to be safe.
{   'elbow_flex': {   'original goal_pos': -2.24,
                      'safe goal_pos': -3.263736263736263},
    'wrist_flex': {   'original goal_pos': 64.92,
                      'safe goal_pos': 52.824175824175825},
    'wrist_roll': {   'original goal_pos': -76.88,
                      'safe goal_pos': -56.56043956043956}}
WARNING:root:Relative goal position magnitude had to be clamped to be safe.
{   'wrist_flex': {   'original goal_pos': 64.92,
                      'safe goal_pos': 52.824175824175825},
    'wrist_roll': {   'original goal_pos': -76.88,
                      'safe goal_pos': -58.14285714285714}}
WARNING:root:Relative goal position magnitude had to be clamped to be safe.
{   'wrist_flex': {   'original goal_pos': 64.92,
                      'safe goal_pos': 52.824175824175825},
    'wrist_roll': {   'original goal_pos': -76.88,
                      'safe goal_pos': -59.901098901098905}}
WARNING:root:Relative goal position magnitude had to be clamped to be safe.
{   'wrist_flex': {   'original goal_pos': 64.92,
                      'safe goal_pos': 52.824175824175825},
    'wrist_roll': {   'original goal_pos': -76.88,
                      'safe goal_pos': -61.48351648351648}}
WARNING:root:Relative goal position magnitude had to be clamped to be safe.
{   'wrist_flex': {   'original goal_pos': 64.92,
                      'safe goal_pos': 52.824175824175825},
    'wrist_roll': {   'original goal_pos': -76.88,
                      'safe goal_pos': -63.24175824175824}}
WARNING:root:Relative goal position magnitude had to be clamped to be safe.
{   'wrist_flex': {   'original goal_pos': 64.92,
                      'safe goal_pos': 52.824175824175825},
    'wrist_roll': {   'original goal_pos': -76.88,
                      'safe goal_pos': -64.91208791208791}}
WARNING:root:Relative goal position magnitude had to be clamped to be safe.
{   'wrist_flex': {   'original goal_pos': 64.92,
                      'safe goal_pos': 52.824175824175825},
    'wrist_roll': {   'original goal_pos': -76.88,
                      'safe goal_pos': -66.58241758241758}}
WARNING:root:Relative goal position magnitude had to be clamped to be safe.
{   'wrist_flex': {   'original goal_pos': 64.92,
                      'safe goal_pos': 52.824175824175825},
    'wrist_roll': {   'original goal_pos': -76.88,
                      'safe goal_pos': -68.34065934065934}}
WARNING:root:Relative goal position magnitude had to be clamped to be safe.
{   'wrist_flex': {   'original goal_pos': 64.92,
                      'safe goal_pos': 52.824175824175825},
    'wrist_roll': {   'original goal_pos': -76.88,
                      'safe goal_pos': -70.01098901098901}}
WARNING:root:Relative goal position magnitude had to be clamped to be safe.
{   'wrist_flex': {   'original goal_pos': 64.92,
                      'safe goal_pos': 52.824175824175825},
    'wrist_roll': {   'original goal_pos': -76.88,
                      'safe goal_pos': -71.5934065934066}}
WARNING:root:Relative goal position magnitude had to be clamped to be safe.
{   'wrist_flex': {   'original goal_pos': 64.92,
                      'safe goal_pos': 52.824175824175825},
    'wrist_roll': {   'original goal_pos': -76.88,
                      'safe goal_pos': -73.26373626373626}}
WARNING:root:Relative goal position magnitude had to be clamped to be safe.
{   'wrist_flex': {   'original goal_pos': 64.92,
                      'safe goal_pos': 52.824175824175825},
    'wrist_roll': {   'original goal_pos': -76.88,
                      'safe goal_pos': -74.67032967032966}}
WARNING:root:Relative goal position magnitude had to be clamped to be safe.
{   'wrist_flex': {   'original goal_pos': 64.92,
                      'safe goal_pos': 52.824175824175825},
    'wrist_roll': {   'original goal_pos': -76.88,
                      'safe goal_pos': -76.34065934065934}}
WARNING:root:Relative goal position magnitude had to be clamped to be safe.
{   'wrist_flex': {   'original goal_pos': 64.92,
                      'safe goal_pos': 52.824175824175825}}
WARNING:root:Relative goal position magnitude had to be clamped to be safe.
{   'wrist_flex': {   'original goal_pos': 64.92,
                      'safe goal_pos': 52.824175824175825}}
WARNING:root:Relative goal position magnitude had to be clamped to be safe.
{   'wrist_flex': {   'original goal_pos': 64.92,
                      'safe goal_pos': 52.824175824175825}}
WARNING:root:Relative goal position magnitude had to be clamped to be safe.
{   'wrist_flex': {   'original goal_pos': 64.92,
                      'safe goal_pos': 52.824175824175825}}
WARNING:root:Relative goal position magnitude had to be clamped to be safe.
{   'wrist_flex': {   'original goal_pos': 64.92,
                      'safe goal_pos': 52.824175824175825}}
WARNING:root:Relative goal position magnitude had to be clamped to be safe.
{   'wrist_flex': {   'original goal_pos': 64.92,
                      'safe goal_pos': 52.824175824175825}}
WARNING:root:Relative goal position magnitude had to be clamped to be safe.
{   'wrist_flex': {   'original goal_pos': 64.92,
                      'safe goal_pos': 52.824175824175825}}
WARNING:root:Relative goal position magnitude had to be clamped to be safe.
{   'wrist_flex': {   'original goal_pos': 64.92,
                      'safe goal_pos': 52.824175824175825}}
WARNING:root:Relative goal position magnitude had to be clamped to be safe.
{   'wrist_flex': {   'original goal_pos': 64.92,
                      'safe goal_pos': 52.824175824175825}}
WARNING:root:Relative goal position magnitude had to be clamped to be safe.
{   'wrist_flex': {   'original goal_pos': 64.92,
                      'safe goal_pos': 52.824175824175825}}
WARNING:root:Relative goal position magnitude had to be clamped to be safe.
{   'wrist_flex': {   'original goal_pos': 64.92,
                      'safe goal_pos': 52.824175824175825}}
WARNING:root:Relative goal position magnitude had to be clamped to be safe.
{   'wrist_flex': {   'original goal_pos': 64.92,
                      'safe goal_pos': 52.824175824175825}}
WARNING:root:Relative goal position magnitude had to be clamped to be safe.
{   'wrist_flex': {   'original goal_pos': 64.92,
                      'safe goal_pos': 52.824175824175825}}
WARNING:root:Relative goal position magnitude had to be clamped to be safe.
{   'wrist_flex': {   'original goal_pos': 64.92,
                      'safe goal_pos': 52.824175824175825}}
WARNING:root:Relative goal position magnitude had to be clamped to be safe.
{   'wrist_flex': {   'original goal_pos': 64.92,
                      'safe goal_pos': 52.824175824175825}}
WARNING:root:Relative goal position magnitude had to be clamped to be safe.
{   'wrist_flex': {   'original goal_pos': 64.92,
                      'safe goal_pos': 52.824175824175825}}
WARNING:root:Relative goal position magnitude had to be clamped to be safe.
{   'wrist_flex': {   'original goal_pos': 64.92,
                      'safe goal_pos': 52.824175824175825}}
WARNING:root:Relative goal position magnitude had to be clamped to be safe.
{   'wrist_flex': {   'original goal_pos': 64.92,
                      'safe goal_pos': 52.824175824175825}}
WARNING:root:Relative goal position magnitude had to be clamped to be safe.
{   'wrist_flex': {   'original goal_pos': 64.92,
                      'safe goal_pos': 52.824175824175825}}
WARNING:root:Relative goal position magnitude had to be clamped to be safe.
{   'wrist_flex': {   'original goal_pos': 64.92,
                      'safe goal_pos': 52.824175824175825}}
WARNING:root:Relative goal position magnitude had to be clamped to be safe.
{   'wrist_flex': {   'original goal_pos': 64.92,
                      'safe goal_pos': 52.824175824175825}}
WARNING:root:Relative goal position magnitude had to be clamped to be safe.
{   'wrist_flex': {   'original goal_pos': 64.92,
                      'safe goal_pos': 52.824175824175825}}
WARNING:root:Relative goal position magnitude had to be clamped to be safe.
{   'wrist_flex': {   'original goal_pos': 64.92,
                      'safe goal_pos': 52.824175824175825}}
WARNING:root:Relative goal position magnitude had to be clamped to be safe.
{   'wrist_flex': {   'original goal_pos': 64.92,
                      'safe goal_pos': 52.824175824175825}}
WARNING:root:Relative goal position magnitude had to be clamped to be safe.
{'wrist_flex': {'original goal_pos': 64.92, 'safe goal_pos': 52.73626373626374}}
WARNING:root:Relative goal position magnitude had to be clamped to be safe.
{'wrist_flex': {'original goal_pos': 64.92, 'safe goal_pos': 52.73626373626374}}
WARNING:root:Relative goal position magnitude had to be clamped to be safe.
{'wrist_flex': {'original goal_pos': 64.92, 'safe goal_pos': 52.73626373626374}}
WARNING:root:Relative goal position magnitude had to be clamped to be safe.
{'wrist_flex': {'original goal_pos': 64.92, 'safe goal_pos': 52.73626373626374}}
WARNING:root:Relative goal position magnitude had to be clamped to be safe.
{'wrist_flex': {'original goal_pos': 64.92, 'safe goal_pos': 52.73626373626374}}
WARNING:root:Relative goal position magnitude had to be clamped to be safe.
{'wrist_flex': {'original goal_pos': 64.92, 'safe goal_pos': 52.73626373626374}}
WARNING:root:Relative goal position magnitude had to be clamped to be safe.
{'wrist_flex': {'original goal_pos': 64.92, 'safe goal_pos': 52.73626373626374}}
WARNING:root:Relative goal position magnitude had to be clamped to be safe.
{'wrist_flex': {'original goal_pos': 64.92, 'safe goal_pos': 52.73626373626374}}
WARNING:root:Relative goal position magnitude had to be clamped to be safe.
{'wrist_flex': {'original goal_pos': 64.92, 'safe goal_pos': 52.73626373626374}}
WARNING:root:Relative goal position magnitude had to be clamped to be safe.
{'wrist_flex': {'original goal_pos': 64.92, 'safe goal_pos': 52.73626373626374}}
WARNING:root:Relative goal position magnitude had to be clamped to be safe.
{'wrist_flex': {'original goal_pos': 64.92, 'safe goal_pos': 52.73626373626374}}
WARNING:root:Relative goal position magnitude had to be clamped to be safe.
{'wrist_flex': {'original goal_pos': 64.92, 'safe goal_pos': 52.73626373626374}}
WARNING:root:Relative goal position magnitude had to be clamped to be safe.
{'wrist_flex': {'original goal_pos': 64.92, 'safe goal_pos': 52.73626373626374}}
WARNING:root:Relative goal position magnitude had to be clamped to be safe.
{'wrist_flex': {'original goal_pos': 64.92, 'safe goal_pos': 52.73626373626374}}
WARNING:root:Relative goal position magnitude had to be clamped to be safe.
{'wrist_flex': {'original goal_pos': 64.92, 'safe goal_pos': 52.73626373626374}}
WARNING:root:Relative goal position magnitude had to be clamped to be safe.
{'wrist_flex': {'original goal_pos': 64.92, 'safe goal_pos': 52.73626373626374}}
WARNING:root:Relative goal position magnitude had to be clamped to be safe.
{'wrist_flex': {'original goal_pos': 64.92, 'safe goal_pos': 52.73626373626374}}
WARNING:root:Relative goal position magnitude had to be clamped to be safe.
{'wrist_flex': {'original goal_pos': 64.92, 'safe goal_pos': 52.73626373626374}}
WARNING:root:Relative goal position magnitude had to be clamped to be safe.
{'wrist_flex': {'original goal_pos': 64.92, 'safe goal_pos': 52.73626373626374}}
WARNING:root:Relative goal position magnitude had to be clamped to be safe.
{'wrist_flex': {'original goal_pos': 64.92, 'safe goal_pos': 52.73626373626374}}
WARNING:root:Relative goal position magnitude had to be clamped to be safe.
{'wrist_flex': {'original goal_pos': 64.92, 'safe goal_pos': 52.73626373626374}}
WARNING:root:Relative goal position magnitude had to be clamped to be safe.
{'wrist_flex': {'original goal_pos': 64.92, 'safe goal_pos': 52.73626373626374}}
WARNING:root:Relative goal position magnitude had to be clamped to be safe.
{'wrist_flex': {'original goal_pos': 64.92, 'safe goal_pos': 52.73626373626374}}
WARNING:root:Relative goal position magnitude had to be clamped to be safe.
{'wrist_flex': {'original goal_pos': 64.92, 'safe goal_pos': 52.73626373626374}}
WARNING:root:Relative goal position magnitude had to be clamped to be safe.
{'wrist_flex': {'original goal_pos': 64.92, 'safe goal_pos': 52.73626373626374}}
WARNING:root:Relative goal position magnitude had to be clamped to be safe.
{'wrist_flex': {'original goal_pos': 64.92, 'safe goal_pos': 52.73626373626374}}
WARNING:root:Relative goal position magnitude had to be clamped to be safe.
{'wrist_flex': {'original goal_pos': 64.92, 'safe goal_pos': 52.73626373626374}}
WARNING:root:Relative goal position magnitude had to be clamped to be safe.
{'wrist_flex': {'original goal_pos': 64.92, 'safe goal_pos': 52.73626373626374}}
WARNING:root:Relative goal position magnitude had to be clamped to be safe.
{'wrist_flex': {'original goal_pos': 64.92, 'safe goal_pos': 52.73626373626374}}
WARNING:root:Relative goal position magnitude had to be clamped to be safe.
{'wrist_flex': {'original goal_pos': 64.92, 'safe goal_pos': 52.73626373626374}}
WARNING:root:Relative goal position magnitude had to be clamped to be safe.
{'wrist_flex': {'original goal_pos': 64.92, 'safe goal_pos': 52.73626373626374}}
WARNING:root:Relative goal position magnitude had to be clamped to be safe.
{'wrist_flex': {'original goal_pos': 64.92, 'safe goal_pos': 52.73626373626374}}
WARNING:root:Relative goal position magnitude had to be clamped to be safe.
{'wrist_flex': {'original goal_pos': 64.92, 'safe goal_pos': 52.73626373626374}}
WARNING:root:Relative goal position magnitude had to be clamped to be safe.
{'wrist_flex': {'original goal_pos': 64.92, 'safe goal_pos': 52.73626373626374}}
WARNING:root:Relative goal position magnitude had to be clamped to be safe.
{'wrist_flex': {'original goal_pos': 64.92, 'safe goal_pos': 52.73626373626374}}
WARNING:root:Relative goal position magnitude had to be clamped to be safe.
{'wrist_flex': {'original goal_pos': 64.92, 'safe goal_pos': 52.73626373626374}}
WARNING:root:Relative goal position magnitude had to be clamped to be safe.
{'wrist_flex': {'original goal_pos': 64.92, 'safe goal_pos': 52.73626373626374}}
WARNING:root:Relative goal position magnitude had to be clamped to be safe.
{'wrist_flex': {'original goal_pos': 64.92, 'safe goal_pos': 52.73626373626374}}
WARNING:root:Relative goal position magnitude had to be clamped to be safe.
{'wrist_flex': {'original goal_pos': 64.92, 'safe goal_pos': 52.73626373626374}}
WARNING:root:Relative goal position magnitude had to be clamped to be safe.
{'wrist_flex': {'original goal_pos': 64.92, 'safe goal_pos': 52.73626373626374}}
WARNING:root:Relative goal position magnitude had to be clamped to be safe.
{'wrist_flex': {'original goal_pos': 64.92, 'safe goal_pos': 52.73626373626374}}
WARNING:root:Relative goal position magnitude had to be clamped to be safe.
{'wrist_flex': {'original goal_pos': 64.92, 'safe goal_pos': 52.73626373626374}}
WARNING:root:Relative goal position magnitude had to be clamped to be safe.
{'wrist_flex': {'original goal_pos': 64.92, 'safe goal_pos': 52.73626373626374}}
WARNING:root:Relative goal position magnitude had to be clamped to be safe.
{'wrist_flex': {'original goal_pos': 64.92, 'safe goal_pos': 52.73626373626374}}
WARNING:root:Relative goal position magnitude had to be clamped to be safe.
{'wrist_flex': {'original goal_pos': 64.92, 'safe goal_pos': 52.73626373626374}}
WARNING:root:Relative goal position magnitude had to be clamped to be safe.
{'wrist_flex': {'original goal_pos': 64.92, 'safe goal_pos': 52.73626373626374}}
WARNING:root:Relative goal position magnitude had to be clamped to be safe.
{'wrist_flex': {'original goal_pos': 64.92, 'safe goal_pos': 52.73626373626374}}
WARNING:root:Relative goal position magnitude had to be clamped to be safe.
{'wrist_flex': {'original goal_pos': 64.92, 'safe goal_pos': 52.73626373626374}}
WARNING:root:Relative goal position magnitude had to be clamped to be safe.
{'wrist_flex': {'original goal_pos': 64.92, 'safe goal_pos': 52.73626373626374}}
WARNING:root:Relative goal position magnitude had to be clamped to be safe.
{'wrist_flex': {'original goal_pos': 64.92, 'safe goal_pos': 52.73626373626374}}
WARNING:root:Relative goal position magnitude had to be clamped to be safe.
{'wrist_flex': {'original goal_pos': 64.92, 'safe goal_pos': 52.73626373626374}}
WARNING:root:Relative goal position magnitude had to be clamped to be safe.
{'wrist_flex': {'original goal_pos': 64.92, 'safe goal_pos': 52.73626373626374}}
WARNING:root:Relative goal position magnitude had to be clamped to be safe.
{'wrist_flex': {'original goal_pos': 64.92, 'safe goal_pos': 52.73626373626374}}
WARNING:root:Relative goal position magnitude had to be clamped to be safe.
{'wrist_flex': {'original goal_pos': 64.92, 'safe goal_pos': 52.73626373626374}}
WARNING:root:Relative goal position magnitude had to be clamped to be safe.
{'wrist_flex': {'original goal_pos': 64.92, 'safe goal_pos': 52.73626373626374}}
WARNING:root:Relative goal position magnitude had to be clamped to be safe.
{'wrist_flex': {'original goal_pos': 64.92, 'safe goal_pos': 52.73626373626374}}
WARNING:root:Relative goal position magnitude had to be clamped to be safe.
{'wrist_flex': {'original goal_pos': 64.92, 'safe goal_pos': 52.73626373626374}}
WARNING:root:Relative goal position magnitude had to be clamped to be safe.
{'wrist_flex': {'original goal_pos': 64.92, 'safe goal_pos': 52.73626373626374}}
WARNING:root:Relative goal position magnitude had to be clamped to be safe.
{'wrist_flex': {'original goal_pos': 64.92, 'safe goal_pos': 52.73626373626374}}
WARNING:root:Relative goal position magnitude had to be clamped to be safe.
{'wrist_flex': {'original goal_pos': 64.92, 'safe goal_pos': 52.73626373626374}}
WARNING:root:Relative goal position magnitude had to be clamped to be safe.
{'wrist_flex': {'original goal_pos': 64.92, 'safe goal_pos': 52.73626373626374}}
WARNING:root:Relative goal position magnitude had to be clamped to be safe.
{'wrist_flex': {'original goal_pos': 64.92, 'safe goal_pos': 52.73626373626374}}
WARNING:root:Relative goal position magnitude had to be clamped to be safe.
{'wrist_flex': {'original goal_pos': 64.92, 'safe goal_pos': 52.73626373626374}}
WARNING:root:Relative goal position magnitude had to be clamped to be safe.
{'wrist_flex': {'original goal_pos': 64.92, 'safe goal_pos': 52.73626373626374}}
WARNING:root:Relative goal position magnitude had to be clamped to be safe.
{'wrist_flex': {'original goal_pos': 64.92, 'safe goal_pos': 52.73626373626374}}
WARNING:root:Relative goal position magnitude had to be clamped to be safe.
{'wrist_flex': {'original goal_pos': 64.92, 'safe goal_pos': 52.73626373626374}}
WARNING:root:Relative goal position magnitude had to be clamped to be safe.
{'wrist_flex': {'original goal_pos': 64.92, 'safe goal_pos': 52.73626373626374}}
WARNING:root:Relative goal position magnitude had to be clamped to be safe.
{'wrist_flex': {'original goal_pos': 64.92, 'safe goal_pos': 52.73626373626374}}
WARNING:root:Relative goal position magnitude had to be clamped to be safe.
{'wrist_flex': {'original goal_pos': 64.92, 'safe goal_pos': 52.73626373626374}}
WARNING:root:Relative goal position magnitude had to be clamped to be safe.
{'wrist_flex': {'original goal_pos': 64.92, 'safe goal_pos': 52.73626373626374}}
WARNING:root:Relative goal position magnitude had to be clamped to be safe.
{'wrist_flex': {'original goal_pos': 64.92, 'safe goal_pos': 52.73626373626374}}
WARNING:root:Relative goal position magnitude had to be clamped to be safe.
{'wrist_flex': {'original goal_pos': 64.92, 'safe goal_pos': 52.73626373626374}}
WARNING:root:Relative goal position magnitude had to be clamped to be safe.
{'wrist_flex': {'original goal_pos': 64.92, 'safe goal_pos': 52.73626373626374}}
WARNING:root:Relative goal position magnitude had to be clamped to be safe.
{'wrist_flex': {'original goal_pos': 64.92, 'safe goal_pos': 52.73626373626374}}
WARNING:root:Relative goal position magnitude had to be clamped to be safe.
{'wrist_flex': {'original goal_pos': 64.92, 'safe goal_pos': 52.73626373626374}}
WARNING:root:Relative goal position magnitude had to be clamped to be safe.
{'wrist_flex': {'original goal_pos': 64.92, 'safe goal_pos': 52.73626373626374}}
WARNING:root:Relative goal position magnitude had to be clamped to be safe.
{'wrist_flex': {'original goal_pos': 64.92, 'safe goal_pos': 52.73626373626374}}
WARNING:root:Relative goal position magnitude had to be clamped to be safe.
{'wrist_flex': {'original goal_pos': 64.92, 'safe goal_pos': 52.73626373626374}}
WARNING:root:Relative goal position magnitude had to be clamped to be safe.
{'wrist_flex': {'original goal_pos': 64.92, 'safe goal_pos': 52.73626373626374}}
WARNING:root:Relative goal position magnitude had to be clamped to be safe.
{'wrist_flex': {'original goal_pos': 64.92, 'safe goal_pos': 52.73626373626374}}
WARNING:root:Relative goal position magnitude had to be clamped to be safe.
{'wrist_flex': {'original goal_pos': 64.92, 'safe goal_pos': 52.73626373626374}}
WARNING:root:Relative goal position magnitude had to be clamped to be safe.
{'wrist_flex': {'original goal_pos': 64.92, 'safe goal_pos': 52.73626373626374}}
WARNING:root:Relative goal position magnitude had to be clamped to be safe.
{'wrist_flex': {'original goal_pos': 64.92, 'safe goal_pos': 52.73626373626374}}
WARNING:root:Relative goal position magnitude had to be clamped to be safe.
{'wrist_flex': {'original goal_pos': 64.92, 'safe goal_pos': 52.73626373626374}}
WARNING:root:Relative goal position magnitude had to be clamped to be safe.
{'wrist_flex': {'original goal_pos': 64.92, 'safe goal_pos': 52.73626373626374}}
WARNING:root:Relative goal position magnitude had to be clamped to be safe.
{'wrist_flex': {'original goal_pos': 64.92, 'safe goal_pos': 52.73626373626374}}
WARNING:root:Relative goal position magnitude had to be clamped to be safe.
{'wrist_flex': {'original goal_pos': 64.92, 'safe goal_pos': 52.73626373626374}}
WARNING:root:Relative goal position magnitude had to be clamped to be safe.
{'wrist_flex': {'original goal_pos': 64.92, 'safe goal_pos': 52.73626373626374}}
WARNING:root:Relative goal position magnitude had to be clamped to be safe.
{'wrist_flex': {'original goal_pos': 64.92, 'safe goal_pos': 52.73626373626374}}
WARNING:root:Relative goal position magnitude had to be clamped to be safe.
{'wrist_flex': {'original goal_pos': 64.92, 'safe goal_pos': 52.73626373626374}}
WARNING:root:Relative goal position magnitude had to be clamped to be safe.
{'wrist_flex': {'original goal_pos': 64.92, 'safe goal_pos': 52.73626373626374}}
WARNING:root:Relative goal position magnitude had to be clamped to be safe.
{'wrist_flex': {'original goal_pos': 64.92, 'safe goal_pos': 52.73626373626374}}
WARNING:root:Relative goal position magnitude had to be clamped to be safe.
{'wrist_flex': {'original goal_pos': 64.92, 'safe goal_pos': 52.73626373626374}}
WARNING:root:Relative goal position magnitude had to be clamped to be safe.
{'wrist_flex': {'original goal_pos': 64.92, 'safe goal_pos': 52.73626373626374}}
WARNING:root:Relative goal position magnitude had to be clamped to be safe.
{'wrist_flex': {'original goal_pos': 64.92, 'safe goal_pos': 52.73626373626374}}
WARNING:root:Relative goal position magnitude had to be clamped to be safe.
{'wrist_flex': {'original goal_pos': 64.92, 'safe goal_pos': 52.73626373626374}}
WARNING:root:Relative goal position magnitude had to be clamped to be safe.
{'wrist_flex': {'original goal_pos': 64.92, 'safe goal_pos': 52.73626373626374}}
WARNING:root:Relative goal position magnitude had to be clamped to be safe.
{'wrist_flex': {'original goal_pos': 64.92, 'safe goal_pos': 52.73626373626374}}
WARNING:root:Relative goal position magnitude had to be clamped to be safe.
{'wrist_flex': {'original goal_pos': 64.92, 'safe goal_pos': 52.73626373626374}}
WARNING:root:Relative goal position magnitude had to be clamped to be safe.
{'wrist_flex': {'original goal_pos': 64.92, 'safe goal_pos': 52.73626373626374}}
WARNING:root:Relative goal position magnitude had to be clamped to be safe.
{'wrist_flex': {'original goal_pos': 64.92, 'safe goal_pos': 52.73626373626374}}
WARNING:root:Relative goal position magnitude had to be clamped to be safe.
{'wrist_flex': {'original goal_pos': 64.92, 'safe goal_pos': 52.73626373626374}}
WARNING:root:Relative goal position magnitude had to be clamped to be safe.
{'wrist_flex': {'original goal_pos': 64.92, 'safe goal_pos': 52.73626373626374}}
WARNING:root:Relative goal position magnitude had to be clamped to be safe.
{'wrist_flex': {'original goal_pos': 64.92, 'safe goal_pos': 52.73626373626374}}
WARNING:root:Relative goal position magnitude had to be clamped to be safe.
{'wrist_flex': {'original goal_pos': 64.92, 'safe goal_pos': 52.73626373626374}}
WARNING:root:Relative goal position magnitude had to be clamped to be safe.
{'wrist_flex': {'original goal_pos': 64.92, 'safe goal_pos': 52.73626373626374}}
WARNING:root:Relative goal position magnitude had to be clamped to be safe.
{'wrist_flex': {'original goal_pos': 64.92, 'safe goal_pos': 52.73626373626374}}
WARNING:root:Relative goal position magnitude had to be clamped to be safe.
{'wrist_flex': {'original goal_pos': 64.92, 'safe goal_pos': 52.73626373626374}}
WARNING:root:Relative goal position magnitude had to be clamped to be safe.
{'wrist_flex': {'original goal_pos': 64.92, 'safe goal_pos': 52.73626373626374}}
WARNING:root:Relative goal position magnitude had to be clamped to be safe.
{'wrist_flex': {'original goal_pos': 64.92, 'safe goal_pos': 52.73626373626374}}
WARNING:root:Relative goal position magnitude had to be clamped to be safe.
{'wrist_flex': {'original goal_pos': 64.92, 'safe goal_pos': 52.73626373626374}}
WARNING:root:Relative goal position magnitude had to be clamped to be safe.
{'wrist_flex': {'original goal_pos': 64.92, 'safe goal_pos': 52.73626373626374}}
WARNING:root:Relative goal position magnitude had to be clamped to be safe.
{'wrist_flex': {'original goal_pos': 64.92, 'safe goal_pos': 52.73626373626374}}
WARNING:root:Relative goal position magnitude had to be clamped to be safe.
{'wrist_flex': {'original goal_pos': 64.92, 'safe goal_pos': 52.73626373626374}}
WARNING:root:Relative goal position magnitude had to be clamped to be safe.
{'wrist_flex': {'original goal_pos': 64.92, 'safe goal_pos': 52.73626373626374}}
WARNING:root:Relative goal position magnitude had to be clamped to be safe.
{   'wrist_roll': {   'original goal_pos': -2.9555489941610347,
                      'safe goal_pos': 18.340659340659343}}
WARNING:root:Relative goal position magnitude had to be clamped to be safe.
{   'wrist_roll': {   'original goal_pos': 85.95442668827704,
                      'safe goal_pos': 60.07692307692308}}
WARNING:root:Relative goal position magnitude had to be clamped to be safe.
{   'wrist_flex': {   'original goal_pos': 67.18299963909352,
                      'safe goal_pos': 52.73626373626374}}
WARNING:root:Relative goal position magnitude had to be clamped to be safe.
{   'wrist_roll': {   'original goal_pos': -2.002313370337106,
                      'safe goal_pos': 18.340659340659343}}
WARNING:root:Relative goal position magnitude had to be clamped to be safe.
{   'wrist_roll': {   'original goal_pos': 79.30833746502967,
                      'safe goal_pos': 59.901098901098905}}
WARNING:root:Relative goal position magnitude had to be clamped to be safe.
{   'wrist_flex': {   'original goal_pos': 67.06943988484544,
                      'safe goal_pos': 52.73626373626374}}
WARNING:root:Relative goal position magnitude had to be clamped to be safe.
{   'wrist_roll': {   'original goal_pos': -1.0490777465131913,
                      'safe goal_pos': 17.285714285714285}}
WARNING:root:Relative goal position magnitude had to be clamped to be safe.
{   'wrist_roll': {   'original goal_pos': 72.6622482417823,
                      'safe goal_pos': 60.07692307692308}}
WARNING:root:Relative goal position magnitude had to be clamped to be safe.
{   'wrist_flex': {   'original goal_pos': 66.24605313921253,
                      'safe goal_pos': 52.73626373626374}}
WARNING:root:Relative goal position magnitude had to be clamped to be safe.
{   'wrist_roll': {   'original goal_pos': -0.24779186038768586,
                      'safe goal_pos': 15.087912087912088}}
WARNING:root:Relative goal position magnitude had to be clamped to be safe.
{   'wrist_roll': {   'original goal_pos': 65.96460710236926,
                      'safe goal_pos': 62.098901098901095}}
WARNING:root:Relative goal position magnitude had to be clamped to be safe.
{   'wrist_flex': {   'original goal_pos': 64.84733740949437,
                      'safe goal_pos': 52.73626373626374}}
WARNING:root:Relative goal position magnitude had to be clamped to be safe.
{   'wrist_roll': {   'original goal_pos': 0.5531895172454355,
                      'safe goal_pos': 12.098901098901102}}
WARNING:root:Relative goal position magnitude had to be clamped to be safe.
{   'wrist_flex': {   'original goal_pos': 63.43240849317035,
                      'safe goal_pos': 52.73626373626374}}
WARNING:root:Relative goal position magnitude had to be clamped to be safe.
{   'wrist_roll': {   'original goal_pos': 1.1030426118114036,
                      'safe goal_pos': 9.46153846153846}}
WARNING:root:Relative goal position magnitude had to be clamped to be safe.
{   'wrist_flex': {   'original goal_pos': 62.42345720934147,
                      'safe goal_pos': 52.73626373626374}}
WARNING:root:Relative goal position magnitude had to be clamped to be safe.
{   'wrist_roll': {   'original goal_pos': 1.6518871590558177,
                      'safe goal_pos': 6.824175824175825}}
WARNING:root:Relative goal position magnitude had to be clamped to be safe.
{   'wrist_flex': {   'original goal_pos': 62.003584839825145,
                      'safe goal_pos': 52.73626373626374}}
WARNING:root:Relative goal position magnitude had to be clamped to be safe.
{   'wrist_roll': {   'original goal_pos': 1.9197076585349322,
                      'safe goal_pos': 4.274725274725277}}
WARNING:root:Relative goal position magnitude had to be clamped to be safe.
{   'wrist_flex': {   'original goal_pos': 61.80704908574487,
                      'safe goal_pos': 52.73626373626374}}
WARNING:root:Relative goal position magnitude had to be clamped to be safe.
{   'wrist_flex': {   'original goal_pos': 61.52140944123693,
                      'safe goal_pos': 52.73626373626374}}
WARNING:root:Relative goal position magnitude had to be clamped to be safe.
{   'wrist_flex': {   'original goal_pos': 61.35399908954767,
                      'safe goal_pos': 52.73626373626374}}
WARNING:root:Relative goal position magnitude had to be clamped to be safe.
{   'wrist_flex': {   'original goal_pos': 61.42910882144849,
                      'safe goal_pos': 52.73626373626374}}
WARNING:root:Relative goal position magnitude had to be clamped to be safe.
{   'wrist_flex': {   'original goal_pos': 61.56898409580186,
                      'safe goal_pos': 52.73626373626374}}
WARNING:root:Relative goal position magnitude had to be clamped to be safe.
{   'wrist_flex': {   'original goal_pos': 61.56633149255606,
                      'safe goal_pos': 52.73626373626374}}
WARNING:root:Relative goal position magnitude had to be clamped to be safe.
{   'wrist_flex': {   'original goal_pos': 61.122111888327765,
                      'safe goal_pos': 52.73626373626374}}
WARNING:root:Relative goal position magnitude had to be clamped to be safe.
{   'wrist_flex': {   'original goal_pos': 60.18922681598669,
                      'safe goal_pos': 52.73626373626374}}
WARNING:root:Relative goal position magnitude had to be clamped to be safe.
{   'wrist_flex': {   'original goal_pos': 59.61945715845221,
                      'safe goal_pos': 52.73626373626374}}
WARNING:root:Relative goal position magnitude had to be clamped to be safe.
{   'wrist_flex': {   'original goal_pos': 59.65313964946859,
                      'safe goal_pos': 52.73626373626374}}
WARNING:root:Relative goal position magnitude had to be clamped to be safe.
{   'wrist_flex': {   'original goal_pos': 60.37547093701295,
                      'safe goal_pos': 52.73626373626374}}
WARNING:root:Relative goal position magnitude had to be clamped to be safe.
{   'wrist_flex': {   'original goal_pos': 61.23659176609767,
                      'safe goal_pos': 52.73626373626374}}
WARNING:root:Relative goal position magnitude had to be clamped to be safe.
{   'wrist_flex': {   'original goal_pos': 62.27748270498005,
                      'safe goal_pos': 52.73626373626374}}
WARNING:root:Relative goal position magnitude had to be clamped to be safe.
{   'wrist_flex': {   'original goal_pos': 62.91353715919236,
                      'safe goal_pos': 52.73626373626374}}
WARNING:root:Relative goal position magnitude had to be clamped to be safe.
{   'wrist_flex': {   'original goal_pos': 62.619607901723924,
                      'safe goal_pos': 52.73626373626374}}
WARNING:root:Relative goal position magnitude had to be clamped to be safe.
{   'wrist_flex': {   'original goal_pos': 61.936548218817826,
                      'safe goal_pos': 52.73626373626374}}
WARNING:root:Relative goal position magnitude had to be clamped to be safe.
{   'wrist_flex': {   'original goal_pos': 61.08781593668419,
                      'safe goal_pos': 52.73626373626374}}
WARNING:root:Relative goal position magnitude had to be clamped to be safe.
{   'wrist_flex': {   'original goal_pos': 60.371603240583795,
                      'safe goal_pos': 52.73626373626374}}
WARNING:root:Relative goal position magnitude had to be clamped to be safe.
{   'wrist_flex': {   'original goal_pos': 59.948532186861826,
                      'safe goal_pos': 52.73626373626374}}
WARNING:root:Relative goal position magnitude had to be clamped to be safe.
{   'wrist_flex': {   'original goal_pos': 59.656308503839675,
                      'safe goal_pos': 52.73626373626374}}
WARNING:root:Relative goal position magnitude had to be clamped to be safe.
{   'wrist_flex': {   'original goal_pos': 59.621058454101664,
                      'safe goal_pos': 52.73626373626374}}
WARNING:root:Relative goal position magnitude had to be clamped to be safe.
{   'wrist_flex': {   'original goal_pos': 60.06770851550752,
                      'safe goal_pos': 52.73626373626374}}
WARNING:root:Relative goal position magnitude had to be clamped to be safe.
{   'wrist_flex': {   'original goal_pos': 60.731149352646035,
                      'safe goal_pos': 52.73626373626374}}
WARNING:root:Relative goal position magnitude had to be clamped to be safe.
{   'wrist_flex': {   'original goal_pos': 61.307732847095124,
                      'safe goal_pos': 52.73626373626374}}
WARNING:root:Relative goal position magnitude had to be clamped to be safe.
{   'wrist_flex': {   'original goal_pos': 61.521294922051716,
                      'safe goal_pos': 52.73626373626374}}
WARNING:root:Relative goal position magnitude had to be clamped to be safe.
{   'wrist_flex': {   'original goal_pos': 61.33608111890827,
                      'safe goal_pos': 52.73626373626374}}
WARNING:root:Relative goal position magnitude had to be clamped to be safe.
{   'wrist_flex': {   'original goal_pos': 61.19098697964343,
                      'safe goal_pos': 52.73626373626374}}
WARNING:root:Relative goal position magnitude had to be clamped to be safe.
{   'wrist_flex': {   'original goal_pos': 61.40690550842113,
                      'safe goal_pos': 52.73626373626374}}
WARNING:root:Relative goal position magnitude had to be clamped to be safe.
{   'wrist_flex': {   'original goal_pos': 61.851055200494955,
                      'safe goal_pos': 52.73626373626374}}
WARNING:root:Relative goal position magnitude had to be clamped to be safe.
{   'wrist_flex': {   'original goal_pos': 62.37525651402424,
                      'safe goal_pos': 52.73626373626374}}
WARNING:root:Relative goal position magnitude had to be clamped to be safe.
{   'wrist_flex': {   'original goal_pos': 63.16586972993067,
                      'safe goal_pos': 52.73626373626374}}
WARNING:root:Relative goal position magnitude had to be clamped to be safe.
{   'wrist_flex': {   'original goal_pos': 64.21083929744091,
                      'safe goal_pos': 52.73626373626374}}
WARNING:root:Relative goal position magnitude had to be clamped to be safe.
{   'wrist_flex': {   'original goal_pos': 65.10625440792401,
                      'safe goal_pos': 52.73626373626374}}
WARNING:root:Relative goal position magnitude had to be clamped to be safe.
{   'wrist_flex': {   'original goal_pos': 65.6703486732851,
                      'safe goal_pos': 52.73626373626374}}
WARNING:root:Relative goal position magnitude had to be clamped to be safe.
{   'wrist_flex': {   'original goal_pos': 65.45073423878925,
                      'safe goal_pos': 52.73626373626374}}
WARNING:root:Relative goal position magnitude had to be clamped to be safe.
{   'wrist_flex': {   'original goal_pos': 64.81079204846348,
                      'safe goal_pos': 52.73626373626374}}
WARNING:root:Relative goal position magnitude had to be clamped to be safe.
{   'wrist_flex': {   'original goal_pos': 64.14737512461069,
                      'safe goal_pos': 52.73626373626374}}
WARNING:root:Relative goal position magnitude had to be clamped to be safe.
{   'wrist_flex': {   'original goal_pos': 63.55738452361674,
                      'safe goal_pos': 52.73626373626374}}
WARNING:root:Relative goal position magnitude had to be clamped to be safe.
{   'wrist_flex': {   'original goal_pos': 63.13188175985315,
                      'safe goal_pos': 52.73626373626374}}
WARNING:root:Relative goal position magnitude had to be clamped to be safe.
{   'wrist_flex': {   'original goal_pos': 63.04217035272835,
                      'safe goal_pos': 52.73626373626374}}
WARNING:root:Relative goal position magnitude had to be clamped to be safe.
{   'wrist_flex': {   'original goal_pos': 63.368901046530176,
                      'safe goal_pos': 52.73626373626374}}
WARNING:root:Relative goal position magnitude had to be clamped to be safe.
{   'wrist_flex': {   'original goal_pos': 63.88673533321871,
                      'safe goal_pos': 52.73626373626374}}
WARNING:root:Relative goal position magnitude had to be clamped to be safe.
{   'wrist_flex': {   'original goal_pos': 64.32246991439966,
                      'safe goal_pos': 52.73626373626374}}
WARNING:root:Relative goal position magnitude had to be clamped to be safe.
{   'wrist_flex': {   'original goal_pos': 64.8777324906759,
                      'safe goal_pos': 52.73626373626374}}
WARNING:root:Relative goal position magnitude had to be clamped to be safe.
{   'wrist_flex': {   'original goal_pos': 65.93382635204178,
                      'safe goal_pos': 52.73626373626374}}
WARNING:root:Relative goal position magnitude had to be clamped to be safe.
{   'wrist_flex': {   'original goal_pos': 67.14487802721138,
                      'safe goal_pos': 52.73626373626374}}
WARNING:root:Relative goal position magnitude had to be clamped to be safe.
{   'wrist_flex': {   'original goal_pos': 68.23940804310315,
                      'safe goal_pos': 52.73626373626374}}
WARNING:root:Relative goal position magnitude had to be clamped to be safe.
{   'wrist_flex': {   'original goal_pos': 69.23801081230091,
                      'safe goal_pos': 52.73626373626374}}
WARNING:root:Relative goal position magnitude had to be clamped to be safe.
{   'wrist_flex': {   'original goal_pos': 70.34879536574881,
                      'safe goal_pos': 52.73626373626374}}
WARNING:root:Relative goal position magnitude had to be clamped to be safe.
{   'wrist_flex': {   'original goal_pos': 71.64741485781876,
                      'safe goal_pos': 52.73626373626374}}
WARNING:root:Relative goal position magnitude had to be clamped to be safe.
{   'wrist_flex': {   'original goal_pos': 72.9329485017846,
                      'safe goal_pos': 52.73626373626374}}
WARNING:root:Relative goal position magnitude had to be clamped to be safe.
{   'wrist_flex': {   'original goal_pos': 73.93339480815074,
                      'safe goal_pos': 52.73626373626374}}
WARNING:root:Relative goal position magnitude had to be clamped to be safe.
{   'wrist_flex': {   'original goal_pos': 74.66939855186476,
                      'safe goal_pos': 52.73626373626374}}
WARNING:root:Relative goal position magnitude had to be clamped to be safe.
{   'wrist_flex': {   'original goal_pos': 75.03798568241413,
                      'safe goal_pos': 52.73626373626374}}
WARNING:root:Relative goal position magnitude had to be clamped to be safe.
{   'wrist_flex': {   'original goal_pos': 75.0573304385818,
                      'safe goal_pos': 52.73626373626374}}
WARNING:root:Relative goal position magnitude had to be clamped to be safe.
{   'wrist_flex': {   'original goal_pos': 76.02855177609548,
                      'safe goal_pos': 52.73626373626374}}
WARNING:root:Relative goal position magnitude had to be clamped to be safe.
{   'wrist_flex': {   'original goal_pos': 78.06564049803087,
                      'safe goal_pos': 52.73626373626374}}
WARNING:root:Relative goal position magnitude had to be clamped to be safe.
{   'wrist_flex': {   'original goal_pos': 79.94963807507919,
                      'safe goal_pos': 52.73626373626374}}
WARNING:root:Relative goal position magnitude had to be clamped to be safe.
{   'wrist_flex': {   'original goal_pos': 80.99537539365323,
                      'safe goal_pos': 52.73626373626374}}
WARNING:root:Relative goal position magnitude had to be clamped to be safe.
{   'wrist_flex': {   'original goal_pos': 80.94215025287028,
                      'safe goal_pos': 52.73626373626374}}
WARNING:root:Relative goal position magnitude had to be clamped to be safe.
{   'wrist_flex': {   'original goal_pos': 79.78808827253361,
                      'safe goal_pos': 52.73626373626374}}
WARNING:root:Relative goal position magnitude had to be clamped to be safe.
{   'wrist_flex': {   'original goal_pos': 77.58859381229539,
                      'safe goal_pos': 52.73626373626374}}
WARNING:root:Relative goal position magnitude had to be clamped to be safe.
{   'wrist_flex': {   'original goal_pos': 74.876430729323,
                      'safe goal_pos': 52.73626373626374}}
WARNING:root:Relative goal position magnitude had to be clamped to be safe.
{   'wrist_flex': {   'original goal_pos': 72.2807297733255,
                      'safe goal_pos': 52.73626373626374}}
WARNING:root:Relative goal position magnitude had to be clamped to be safe.
{   'wrist_flex': {   'original goal_pos': 70.13317133971913,
                      'safe goal_pos': 52.73626373626374}}
WARNING:root:Relative goal position magnitude had to be clamped to be safe.
{   'wrist_flex': {   'original goal_pos': 68.67230751962713,
                      'safe goal_pos': 52.73626373626374}}
WARNING:root:Relative goal position magnitude had to be clamped to be safe.
{   'wrist_flex': {   'original goal_pos': 68.03244896241333,
                      'safe goal_pos': 52.73626373626374}}
WARNING:root:Relative goal position magnitude had to be clamped to be safe.
{   'wrist_flex': {   'original goal_pos': 67.50058709549108,
                      'safe goal_pos': 52.73626373626374}}
WARNING:root:Relative goal position magnitude had to be clamped to be safe.
{   'wrist_flex': {   'original goal_pos': 66.81793388769493,
                      'safe goal_pos': 52.73626373626374}}
WARNING:root:Relative goal position magnitude had to be clamped to be safe.
{   'wrist_flex': {   'original goal_pos': 66.15772890526472,
                      'safe goal_pos': 52.73626373626374}}
WARNING:root:Relative goal position magnitude had to be clamped to be safe.
{   'wrist_flex': {   'original goal_pos': 65.59500799079032,
                      'safe goal_pos': 52.73626373626374}}
WARNING:root:Relative goal position magnitude had to be clamped to be safe.
{   'wrist_flex': {   'original goal_pos': 65.28733818390035,
                      'safe goal_pos': 52.73626373626374}}
WARNING:root:Relative goal position magnitude had to be clamped to be safe.
{   'wrist_flex': {   'original goal_pos': 65.17956642946668,
                      'safe goal_pos': 52.73626373626374}}
WARNING:root:Relative goal position magnitude had to be clamped to be safe.
{   'wrist_flex': {   'original goal_pos': 64.99882449871318,
                      'safe goal_pos': 52.73626373626374}}
WARNING:root:Relative goal position magnitude had to be clamped to be safe.
{   'wrist_flex': {   'original goal_pos': 64.6761293810647,
                      'safe goal_pos': 52.73626373626374}}
WARNING:root:Relative goal position magnitude had to be clamped to be safe.
{   'wrist_flex': {   'original goal_pos': 64.4135054340424,
                      'safe goal_pos': 52.73626373626374}}
WARNING:root:Relative goal position magnitude had to be clamped to be safe.
{   'wrist_flex': {   'original goal_pos': 64.29592242863573,
                      'safe goal_pos': 52.73626373626374}}
WARNING:root:Relative goal position magnitude had to be clamped to be safe.
{   'wrist_flex': {   'original goal_pos': 64.11596537411357,
                      'safe goal_pos': 52.73626373626374}}
WARNING:root:Relative goal position magnitude had to be clamped to be safe.
{   'wrist_flex': {   'original goal_pos': 63.80708700248792,
                      'safe goal_pos': 52.73626373626374}}
WARNING:root:Relative goal position magnitude had to be clamped to be safe.
{   'wrist_flex': {   'original goal_pos': 63.431223733233985,
                      'safe goal_pos': 52.73626373626374}}
WARNING:root:Relative goal position magnitude had to be clamped to be safe.
{   'wrist_flex': {   'original goal_pos': 63.10552095261696,
                      'safe goal_pos': 52.73626373626374}}
WARNING:root:Relative goal position magnitude had to be clamped to be safe.
{   'wrist_flex': {   'original goal_pos': 62.5294690341282,
                      'safe goal_pos': 52.73626373626374}}
WARNING:root:Relative goal position magnitude had to be clamped to be safe.
{   'wrist_flex': {   'original goal_pos': 62.106266329606505,
                      'safe goal_pos': 52.73626373626374}}
WARNING:root:Relative goal position magnitude had to be clamped to be safe.
{   'wrist_flex': {   'original goal_pos': 61.9971307249016,
                      'safe goal_pos': 52.73626373626374}}
WARNING:root:Relative goal position magnitude had to be clamped to be safe.
{   'wrist_flex': {   'original goal_pos': 61.83332632078014,
                      'safe goal_pos': 52.73626373626374}}
WARNING:root:Relative goal position magnitude had to be clamped to be safe.
{   'wrist_flex': {   'original goal_pos': 61.57954877708512,
                      'safe goal_pos': 52.73626373626374}}
WARNING:root:Relative goal position magnitude had to be clamped to be safe.
{   'wrist_flex': {   'original goal_pos': 61.283814566608584,
                      'safe goal_pos': 52.73626373626374}}
WARNING:root:Relative goal position magnitude had to be clamped to be safe.
{   'wrist_flex': {   'original goal_pos': 61.10399386483455,
                      'safe goal_pos': 52.73626373626374}}
WARNING:root:Relative goal position magnitude had to be clamped to be safe.
{   'wrist_flex': {   'original goal_pos': 61.13357701920476,
                      'safe goal_pos': 52.73626373626374}}
WARNING:root:Relative goal position magnitude had to be clamped to be safe.
{   'wrist_flex': {   'original goal_pos': 61.33913138590306,
                      'safe goal_pos': 52.73626373626374}}
WARNING:root:Relative goal position magnitude had to be clamped to be safe.
{   'wrist_flex': {   'original goal_pos': 61.59851980359633,
                      'safe goal_pos': 52.73626373626374}}
WARNING:root:Relative goal position magnitude had to be clamped to be safe.
{   'wrist_flex': {   'original goal_pos': 62.0229103090584,
                      'safe goal_pos': 52.73626373626374}}
WARNING:root:Relative goal position magnitude had to be clamped to be safe.
{   'wrist_flex': {   'original goal_pos': 62.72300341059273,
                      'safe goal_pos': 52.73626373626374}}
WARNING:root:Relative goal position magnitude had to be clamped to be safe.
{   'wrist_flex': {   'original goal_pos': 63.640713266208294,
                      'safe goal_pos': 52.73626373626374}}
WARNING:root:Relative goal position magnitude had to be clamped to be safe.
{   'wrist_flex': {   'original goal_pos': 64.58559564535706,
                      'safe goal_pos': 52.73626373626374}}
WARNING:root:Relative goal position magnitude had to be clamped to be safe.
{   'wrist_flex': {   'original goal_pos': 65.40379119694957,
                      'safe goal_pos': 52.73626373626374}}
WARNING:root:Relative goal position magnitude had to be clamped to be safe.
{   'wrist_flex': {   'original goal_pos': 66.10761059773422,
                      'safe goal_pos': 52.73626373626374}}
WARNING:root:Relative goal position magnitude had to be clamped to be safe.
{   'wrist_flex': {   'original goal_pos': 66.46161371740232,
                      'safe goal_pos': 52.73626373626374}}
WARNING:root:Relative goal position magnitude had to be clamped to be safe.
{   'wrist_flex': {   'original goal_pos': 66.29435585138019,
                      'safe goal_pos': 52.73626373626374}}
WARNING:root:Relative goal position magnitude had to be clamped to be safe.
{   'wrist_flex': {   'original goal_pos': 65.79597645290393,
                      'safe goal_pos': 52.73626373626374}}
WARNING:root:Relative goal position magnitude had to be clamped to be safe.
{   'wrist_flex': {   'original goal_pos': 65.1092649007516,
                      'safe goal_pos': 52.73626373626374}}
WARNING:root:Relative goal position magnitude had to be clamped to be safe.
{   'wrist_flex': {   'original goal_pos': 64.59176250711741,
                      'safe goal_pos': 52.73626373626374}}
WARNING:root:Relative goal position magnitude had to be clamped to be safe.
{   'wrist_flex': {   'original goal_pos': 64.14360400421769,
                      'safe goal_pos': 52.73626373626374}}
WARNING:root:Relative goal position magnitude had to be clamped to be safe.
{   'wrist_flex': {   'original goal_pos': 62.758860281019864,
                      'safe goal_pos': 52.73626373626374}}
WARNING:root:Relative goal position magnitude had to be clamped to be safe.
{   'wrist_flex': {   'original goal_pos': 60.65481317268322,
                      'safe goal_pos': 52.73626373626374}}
WARNING:root:Relative goal position magnitude had to be clamped to be safe.
{   'wrist_flex': {   'original goal_pos': 58.84522012438477,
                      'safe goal_pos': 52.73626373626374}}
WARNING:root:Relative goal position magnitude had to be clamped to be safe.
{   'wrist_flex': {   'original goal_pos': 57.49050673672065,
                      'safe goal_pos': 52.73626373626374}}
WARNING:root:Relative goal position magnitude had to be clamped to be safe.
{   'wrist_flex': {   'original goal_pos': 56.66209895609113,
                      'safe goal_pos': 52.73626373626374}}
WARNING:root:Relative goal position magnitude had to be clamped to be safe.
{   'wrist_flex': {   'original goal_pos': 57.29613943004459,
                      'safe goal_pos': 52.73626373626374}}
WARNING:root:Relative goal position magnitude had to be clamped to be safe.
{   'wrist_flex': {   'original goal_pos': 59.34642930784264,
                      'safe goal_pos': 52.73626373626374}}
WARNING:root:Relative goal position magnitude had to be clamped to be safe.
{   'wrist_flex': {   'original goal_pos': 61.45901402562557,
                      'safe goal_pos': 52.73626373626374}}
WARNING:root:Relative goal position magnitude had to be clamped to be safe.
{   'wrist_flex': {   'original goal_pos': 62.10811070626196,
                      'safe goal_pos': 52.73626373626374}}
WARNING:root:Relative goal position magnitude had to be clamped to be safe.
{   'wrist_flex': {   'original goal_pos': 60.96940846999118,
                      'safe goal_pos': 52.73626373626374}}
WARNING:root:Relative goal position magnitude had to be clamped to be safe.
{   'wrist_flex': {   'original goal_pos': 59.59527908405924,
                      'safe goal_pos': 52.73626373626374}}
WARNING:root:Relative goal position magnitude had to be clamped to be safe.
{   'wrist_flex': {   'original goal_pos': 58.019554760655055,
                      'safe goal_pos': 52.73626373626374}}
WARNING:root:Relative goal position magnitude had to be clamped to be safe.
{   'wrist_flex': {   'original goal_pos': 56.223693800558024,
                      'safe goal_pos': 52.73626373626374}}
WARNING:root:Relative goal position magnitude had to be clamped to be safe.
{   'wrist_flex': {   'original goal_pos': 54.53960232021924,
                      'safe goal_pos': 52.73626373626374}}
WARNING:root:Relative goal position magnitude had to be clamped to be safe.
{   'wrist_flex': {   'original goal_pos': 52.98953336359263,
                      'safe goal_pos': 52.73626373626374}}
WARNING:root:Relative goal position magnitude had to be clamped to be safe.
{   'wrist_flex': {   'original goal_pos': 53.14318070881091,
                      'safe goal_pos': 52.73626373626374}}
WARNING:root:Relative goal position magnitude had to be clamped to be safe.
{   'wrist_flex': {   'original goal_pos': 54.60513017207903,
                      'safe goal_pos': 52.73626373626374}}
WARNING:root:Relative goal position magnitude had to be clamped to be safe.
{   'wrist_flex': {   'original goal_pos': 55.14176674262024,
                      'safe goal_pos': 52.73626373626374}}
WARNING:root:Relative goal position magnitude had to be clamped to be safe.
{   'wrist_flex': {   'original goal_pos': 55.08277867329264,
                      'safe goal_pos': 52.73626373626374}}
WARNING:root:Relative goal position magnitude had to be clamped to be safe.
{   'wrist_flex': {   'original goal_pos': 54.986663524823996,
                      'safe goal_pos': 52.73626373626374}}
WARNING:root:Relative goal position magnitude had to be clamped to be safe.
{   'wrist_flex': {   'original goal_pos': 54.48919611750363,
                      'safe goal_pos': 52.73626373626374}}
WARNING:root:Relative goal position magnitude had to be clamped to be safe.
{   'wrist_flex': {   'original goal_pos': 53.457947512013305,
                      'safe goal_pos': 52.73626373626374}}
WARNING:root:Relative goal position magnitude had to be clamped to be safe.
{   'wrist_flex': {   'original goal_pos': 52.743133290220285,
                      'safe goal_pos': 52.73626373626374}}
WARNING:root:Relative goal position magnitude had to be clamped to be safe.
{   'wrist_flex': {   'original goal_pos': 53.35653554666952,
                      'safe goal_pos': 52.73626373626374}}
WARNING:root:Relative goal position magnitude had to be clamped to be safe.
{   'wrist_flex': {   'original goal_pos': 54.91176396391536,
                      'safe goal_pos': 52.73626373626374}}
WARNING:root:Relative goal position magnitude had to be clamped to be safe.
{   'wrist_flex': {   'original goal_pos': 57.06331572519363,
                      'safe goal_pos': 52.73626373626374}}
WARNING:root:Relative goal position magnitude had to be clamped to be safe.
{   'wrist_flex': {   'original goal_pos': 59.394702191475105,
                      'safe goal_pos': 52.73626373626374}}
WARNING:root:Relative goal position magnitude had to be clamped to be safe.
{   'wrist_flex': {   'original goal_pos': 61.90021906017689,
                      'safe goal_pos': 52.73626373626374}}
WARNING:root:Relative goal position magnitude had to be clamped to be safe.
{   'wrist_flex': {   'original goal_pos': 64.5259912983051,
                      'safe goal_pos': 52.73626373626374}}
WARNING:root:Relative goal position magnitude had to be clamped to be safe.
{   'wrist_flex': {   'original goal_pos': 67.24015087778139,
                      'safe goal_pos': 52.73626373626374}}
WARNING:root:Relative goal position magnitude had to be clamped to be safe.
{   'wrist_flex': {   'original goal_pos': 70.16679499460251,
                      'safe goal_pos': 52.73626373626374}}
WARNING:root:Relative goal position magnitude had to be clamped to be safe.
{   'wrist_flex': {   'original goal_pos': 72.84205455143008,
                      'safe goal_pos': 52.73626373626374}}
WARNING:root:Relative goal position magnitude had to be clamped to be safe.
{   'wrist_flex': {   'original goal_pos': 74.34426559298483,
                      'safe goal_pos': 52.73626373626374}}
WARNING:root:Relative goal position magnitude had to be clamped to be safe.
{   'wrist_flex': {   'original goal_pos': 74.90651587819494,
                      'safe goal_pos': 52.73626373626374}}
WARNING:root:Relative goal position magnitude had to be clamped to be safe.
{   'wrist_flex': {   'original goal_pos': 74.97030371438157,
                      'safe goal_pos': 52.73626373626374}}
WARNING:root:Relative goal position magnitude had to be clamped to be safe.
{   'wrist_flex': {   'original goal_pos': 74.76075159536761,
                      'safe goal_pos': 52.73626373626374}}
WARNING:root:Relative goal position magnitude had to be clamped to be safe.
{   'wrist_flex': {   'original goal_pos': 74.57691441383048,
                      'safe goal_pos': 52.73626373626374}}
WARNING:root:Relative goal position magnitude had to be clamped to be safe.
{   'wrist_flex': {   'original goal_pos': 74.40736132002745,
                      'safe goal_pos': 52.73626373626374}}
WARNING:root:Relative goal position magnitude had to be clamped to be safe.
{   'wrist_flex': {   'original goal_pos': 74.89243747292922,
                      'safe goal_pos': 52.73626373626374}}
WARNING:root:Relative goal position magnitude had to be clamped to be safe.
{   'wrist_flex': {   'original goal_pos': 76.61330127872567,
                      'safe goal_pos': 52.73626373626374}}
WARNING:root:Relative goal position magnitude had to be clamped to be safe.
{   'wrist_flex': {   'original goal_pos': 78.58170858933994,
                      'safe goal_pos': 52.73626373626374}}
WARNING:root:Relative goal position magnitude had to be clamped to be safe.
{   'wrist_flex': {   'original goal_pos': 79.71277651252457,
                      'safe goal_pos': 52.73626373626374}}
WARNING:root:Relative goal position magnitude had to be clamped to be safe.
{   'wrist_flex': {   'original goal_pos': 79.35991231034282,
                      'safe goal_pos': 52.73626373626374}}
WARNING:root:Relative goal position magnitude had to be clamped to be safe.
{   'wrist_flex': {   'original goal_pos': 78.16755808775913,
                      'safe goal_pos': 52.73626373626374}}
WARNING:root:Relative goal position magnitude had to be clamped to be safe.
{   'wrist_flex': {   'original goal_pos': 77.63496690757435,
                      'safe goal_pos': 52.73626373626374}}
WARNING:root:Relative goal position magnitude had to be clamped to be safe.
{   'wrist_flex': {   'original goal_pos': 78.00400433002966,
                      'safe goal_pos': 52.73626373626374}}
WARNING:root:Relative goal position magnitude had to be clamped to be safe.
{   'wrist_flex': {   'original goal_pos': 78.41237297380987,
                      'safe goal_pos': 52.73626373626374}}
WARNING:root:Relative goal position magnitude had to be clamped to be safe.
{   'wrist_flex': {   'original goal_pos': 78.02122167813508,
                      'safe goal_pos': 52.73626373626374}}
WARNING:root:Relative goal position magnitude had to be clamped to be safe.
{   'wrist_flex': {   'original goal_pos': 76.8832789766735,
                      'safe goal_pos': 52.73626373626374}}
WARNING:root:Relative goal position magnitude had to be clamped to be safe.
{   'wrist_flex': {   'original goal_pos': 75.66866113710243,
                      'safe goal_pos': 52.73626373626374}}
WARNING:root:Relative goal position magnitude had to be clamped to be safe.
{   'wrist_flex': {   'original goal_pos': 74.42027873940432,
                      'safe goal_pos': 52.73626373626374}}
WARNING:root:Relative goal position magnitude had to be clamped to be safe.
{   'wrist_flex': {   'original goal_pos': 73.30580740090572,
                      'safe goal_pos': 52.73626373626374}}
WARNING:root:Relative goal position magnitude had to be clamped to be safe.
{   'wrist_flex': {   'original goal_pos': 72.38838996720193,
                      'safe goal_pos': 52.73626373626374}}
WARNING:root:Relative goal position magnitude had to be clamped to be safe.
{   'wrist_flex': {   'original goal_pos': 71.96199342967375,
                      'safe goal_pos': 52.73626373626374}}
WARNING:root:Relative goal position magnitude had to be clamped to be safe.
{   'wrist_flex': {   'original goal_pos': 72.42598322078082,
                      'safe goal_pos': 52.73626373626374}}
WARNING:root:Relative goal position magnitude had to be clamped to be safe.
{   'wrist_flex': {   'original goal_pos': 73.12418153803226,
                      'safe goal_pos': 52.73626373626374}}
WARNING:root:Relative goal position magnitude had to be clamped to be safe.
{   'wrist_flex': {   'original goal_pos': 72.95337571637684,
                      'safe goal_pos': 52.73626373626374}}
WARNING:root:Relative goal position magnitude had to be clamped to be safe.
{   'wrist_flex': {   'original goal_pos': 72.17053169467239,
                      'safe goal_pos': 52.73626373626374}}
WARNING:root:Relative goal position magnitude had to be clamped to be safe.
{   'wrist_flex': {   'original goal_pos': 71.46712357275538,
                      'safe goal_pos': 52.73626373626374}}
WARNING:root:Relative goal position magnitude had to be clamped to be safe.
{   'wrist_flex': {   'original goal_pos': 70.98337819686208,
                      'safe goal_pos': 52.73626373626374}}
WARNING:root:Relative goal position magnitude had to be clamped to be safe.
{   'wrist_flex': {   'original goal_pos': 70.80143586129907,
                      'safe goal_pos': 52.73626373626374}}
WARNING:root:Relative goal position magnitude had to be clamped to be safe.
{   'wrist_flex': {   'original goal_pos': 71.31932190031563,
                      'safe goal_pos': 52.73626373626374}}
WARNING:root:Relative goal position magnitude had to be clamped to be safe.
{   'wrist_flex': {   'original goal_pos': 72.5394338029686,
                      'safe goal_pos': 52.73626373626374}}
WARNING:root:Relative goal position magnitude had to be clamped to be safe.
{   'wrist_flex': {   'original goal_pos': 73.4968890111155,
                      'safe goal_pos': 52.73626373626374}}
WARNING:root:Relative goal position magnitude had to be clamped to be safe.
{   'wrist_flex': {   'original goal_pos': 73.97207038394505,
                      'safe goal_pos': 52.73626373626374}}
WARNING:root:Relative goal position magnitude had to be clamped to be safe.
{   'wrist_flex': {   'original goal_pos': 73.62332623879534,
                      'safe goal_pos': 52.73626373626374}}
WARNING:root:Relative goal position magnitude had to be clamped to be safe.
{   'wrist_flex': {   'original goal_pos': 72.50654404428576,
                      'safe goal_pos': 52.73626373626374}}
WARNING:root:Relative goal position magnitude had to be clamped to be safe.
{   'wrist_flex': {   'original goal_pos': 71.48020708739253,
                      'safe goal_pos': 52.73626373626374}}
WARNING:root:Relative goal position magnitude had to be clamped to be safe.
{   'wrist_flex': {   'original goal_pos': 70.6332689000441,
                      'safe goal_pos': 52.73626373626374}}
WARNING:root:Relative goal position magnitude had to be clamped to be safe.
{   'wrist_flex': {   'original goal_pos': 69.64933229668621,
                      'safe goal_pos': 52.73626373626374}}
WARNING:root:Relative goal position magnitude had to be clamped to be safe.
{   'wrist_flex': {   'original goal_pos': 68.28079875874428,
                      'safe goal_pos': 52.73626373626374}}
WARNING:root:Relative goal position magnitude had to be clamped to be safe.
{   'wrist_flex': {   'original goal_pos': 66.77383966343477,
                      'safe goal_pos': 52.73626373626374}}
WARNING:root:Relative goal position magnitude had to be clamped to be safe.
{   'wrist_flex': {   'original goal_pos': 65.6616996038636,
                      'safe goal_pos': 52.73626373626374}}
WARNING:root:Relative goal position magnitude had to be clamped to be safe.
{   'wrist_flex': {   'original goal_pos': 65.51480070224052,
                      'safe goal_pos': 52.73626373626374}}
WARNING:root:Relative goal position magnitude had to be clamped to be safe.
{   'wrist_flex': {   'original goal_pos': 66.04996758438571,
                      'safe goal_pos': 52.73626373626374}}
WARNING:root:Relative goal position magnitude had to be clamped to be safe.
{   'wrist_flex': {   'original goal_pos': 66.36500907228475,
                      'safe goal_pos': 52.73626373626374}}
WARNING:root:Relative goal position magnitude had to be clamped to be safe.
{   'wrist_flex': {   'original goal_pos': 66.25965259262462,
                      'safe goal_pos': 52.73626373626374}}
WARNING:root:Relative goal position magnitude had to be clamped to be safe.
{   'wrist_flex': {   'original goal_pos': 65.91836488030188,
                      'safe goal_pos': 52.73626373626374}}
WARNING:root:Relative goal position magnitude had to be clamped to be safe.
{   'wrist_flex': {   'original goal_pos': 65.35815865287461,
                      'safe goal_pos': 52.73626373626374}}
WARNING:root:Relative goal position magnitude had to be clamped to be safe.
{   'wrist_flex': {   'original goal_pos': 64.75037569957966,
                      'safe goal_pos': 52.73626373626374}}
WARNING:root:Relative goal position magnitude had to be clamped to be safe.
{   'wrist_flex': {   'original goal_pos': 64.3356817504033,
                      'safe goal_pos': 52.73626373626374}}
WARNING:root:Relative goal position magnitude had to be clamped to be safe.
{   'wrist_flex': {   'original goal_pos': 64.11472566207489,
                      'safe goal_pos': 52.73626373626374}}
WARNING:root:Relative goal position magnitude had to be clamped to be safe.
{   'wrist_flex': {   'original goal_pos': 64.15313432556867,
                      'safe goal_pos': 52.73626373626374}}
WARNING:root:Relative goal position magnitude had to be clamped to be safe.
{   'wrist_flex': {   'original goal_pos': 64.37111315108245,
                      'safe goal_pos': 52.73626373626374}}
WARNING:root:Relative goal position magnitude had to be clamped to be safe.
{   'wrist_flex': {   'original goal_pos': 64.6473528310608,
                      'safe goal_pos': 52.73626373626374}}
WARNING:root:Relative goal position magnitude had to be clamped to be safe.
{   'wrist_flex': {   'original goal_pos': 64.38227710532875,
                      'safe goal_pos': 52.73626373626374}}
WARNING:root:Relative goal position magnitude had to be clamped to be safe.
{   'wrist_flex': {   'original goal_pos': 63.627900472734325,
                      'safe goal_pos': 52.73626373626374}}
WARNING:root:Relative goal position magnitude had to be clamped to be safe.
{   'wrist_flex': {   'original goal_pos': 63.300524921985925,
                      'safe goal_pos': 52.73626373626374}}
WARNING:root:Relative goal position magnitude had to be clamped to be safe.
{   'wrist_flex': {   'original goal_pos': 63.70312592824012,
                      'safe goal_pos': 52.73626373626374}}
WARNING:root:Relative goal position magnitude had to be clamped to be safe.
{   'wrist_flex': {   'original goal_pos': 64.56808627620639,
                      'safe goal_pos': 52.73626373626374}}
WARNING:root:Relative goal position magnitude had to be clamped to be safe.
{   'wrist_flex': {   'original goal_pos': 65.8441046634074,
                      'safe goal_pos': 52.73626373626374}}
WARNING:root:Relative goal position magnitude had to be clamped to be safe.
{   'wrist_flex': {   'original goal_pos': 67.10485563195516,
                      'safe goal_pos': 52.73626373626374}}
WARNING:root:Relative goal position magnitude had to be clamped to be safe.
{   'wrist_flex': {   'original goal_pos': 67.86069972313683,
                      'safe goal_pos': 52.73626373626374}}
WARNING:root:Relative goal position magnitude had to be clamped to be safe.
{   'wrist_flex': {   'original goal_pos': 68.19694330319994,
                      'safe goal_pos': 52.73626373626374}}
WARNING:root:Relative goal position magnitude had to be clamped to be safe.
{   'wrist_flex': {   'original goal_pos': 67.97812744599352,
                      'safe goal_pos': 52.73626373626374}}
WARNING:root:Relative goal position magnitude had to be clamped to be safe.
{   'wrist_flex': {   'original goal_pos': 67.21352166327412,
                      'safe goal_pos': 52.73626373626374}}
WARNING:root:Relative goal position magnitude had to be clamped to be safe.
{   'wrist_flex': {   'original goal_pos': 66.35955659590883,
                      'safe goal_pos': 52.73626373626374}}
WARNING:root:Relative goal position magnitude had to be clamped to be safe.
{   'wrist_roll': {   'original goal_pos': 21.05805545962572,
                      'safe goal_pos': 20.076923076923077}}
WARNING:root:Relative goal position magnitude had to be clamped to be safe.
{   'wrist_flex': {   'original goal_pos': 65.62132699203303,
                      'safe goal_pos': 52.73626373626374}}
WARNING:root:Relative goal position magnitude had to be clamped to be safe.
{   'wrist_roll': {   'original goal_pos': 27.937471988700096,
                      'safe goal_pos': 22.186813186813186}}
WARNING:root:Relative goal position magnitude had to be clamped to be safe.
{   'wrist_flex': {   'original goal_pos': 64.77542863635665,
                      'safe goal_pos': 52.73626373626374}}
WARNING:root:Relative goal position magnitude had to be clamped to be safe.
{   'wrist_roll': {   'original goal_pos': 34.41459448199809,
                      'safe goal_pos': 24.64835164835165}}
WARNING:root:Relative goal position magnitude had to be clamped to be safe.
{   'wrist_flex': {   'original goal_pos': 63.06932703683382,
                      'safe goal_pos': 52.73626373626374}}
WARNING:root:Relative goal position magnitude had to be clamped to be safe.
{   'wrist_roll': {   'original goal_pos': 40.78218653807429,
                      'safe goal_pos': 27.63736263736264}}
WARNING:root:Relative goal position magnitude had to be clamped to be safe.
{   'wrist_flex': {   'original goal_pos': 59.30648648407916,
                      'safe goal_pos': 52.73626373626374}}
WARNING:root:Relative goal position magnitude had to be clamped to be safe.
{   'wrist_roll': {   'original goal_pos': 46.35473714544858,
                      'safe goal_pos': 31.153846153846153}}
WARNING:root:Relative goal position magnitude had to be clamped to be safe.
{   'wrist_flex': {   'original goal_pos': 54.20594161163933,
                      'safe goal_pos': 52.73626373626374}}
WARNING:root:Relative goal position magnitude had to be clamped to be safe.
{   'wrist_roll': {   'original goal_pos': 51.70824572103764,
                      'safe goal_pos': 35.1978021978022}}
WARNING:root:Relative goal position magnitude had to be clamped to be safe.
{   'wrist_roll': {   'original goal_pos': 55.85766567616565,
                      'safe goal_pos': 37.65934065934066}}
WARNING:root:Relative goal position magnitude had to be clamped to be safe.
{   'wrist_roll': {   'original goal_pos': 59.6714189826229,
                      'safe goal_pos': 40.56043956043956}}
WARNING:root:Relative goal position magnitude had to be clamped to be safe.
{   'wrist_roll': {   'original goal_pos': 62.05715521796295,
                      'safe goal_pos': 43.02197802197802}}
WARNING:root:Relative goal position magnitude had to be clamped to be safe.
{   'wrist_roll': {   'original goal_pos': 64.04011740760328,
                      'safe goal_pos': 45.48351648351648}}
WARNING:root:Relative goal position magnitude had to be clamped to be safe.
{   'wrist_roll': {   'original goal_pos': 64.63476329435409,
                      'safe goal_pos': 48.120879120879124}}
WARNING:root:Relative goal position magnitude had to be clamped to be safe.
{   'wrist_roll': {   'original goal_pos': 64.83325722835235,
                      'safe goal_pos': 50.934065934065934}}
WARNING:root:Relative goal position magnitude had to be clamped to be safe.
{   'wrist_roll': {   'original goal_pos': 63.79558833790429,
                      'safe goal_pos': 53.747252747252745}}
WARNING:root:Relative goal position magnitude had to be clamped to be safe.
{   'wrist_roll': {   'original goal_pos': 62.40108894143049,
                      'safe goal_pos': 56.2967032967033}}
WARNING:root:Relative goal position magnitude had to be clamped to be safe.
{   'wrist_roll': {   'original goal_pos': 59.86329177692222,
                      'safe goal_pos': 58.67032967032967}}
WARNING:root:Relative goal position magnitude had to be clamped to be safe.
{   'wrist_flex': {   'original goal_pos': 55.41939385232133,
                      'safe goal_pos': 52.73626373626374}}
WARNING:root:Relative goal position magnitude had to be clamped to be safe.
{   'wrist_flex': {   'original goal_pos': 57.83243983150757,
                      'safe goal_pos': 52.73626373626374}}
WARNING:root:Relative goal position magnitude had to be clamped to be safe.
{   'wrist_flex': {   'original goal_pos': 60.39479024323217,
                      'safe goal_pos': 52.73626373626374}}
WARNING:root:Relative goal position magnitude had to be clamped to be safe.
{   'wrist_flex': {   'original goal_pos': 62.69968457608741,
                      'safe goal_pos': 52.73626373626374}}
WARNING:root:Relative goal position magnitude had to be clamped to be safe.
{   'wrist_flex': {   'original goal_pos': 64.78521347722537,
                      'safe goal_pos': 52.73626373626374}}
WARNING:root:Relative goal position magnitude had to be clamped to be safe.
{   'wrist_flex': {   'original goal_pos': 66.94614363242005,
                      'safe goal_pos': 52.73626373626374}}
WARNING:root:Relative goal position magnitude had to be clamped to be safe.
{   'wrist_flex': {   'original goal_pos': 68.92107477805922,
                      'safe goal_pos': 52.73626373626374}}
WARNING:root:Relative goal position magnitude had to be clamped to be safe.
{   'wrist_flex': {   'original goal_pos': 70.42101293742283,
                      'safe goal_pos': 52.73626373626374}}
WARNING:root:Relative goal position magnitude had to be clamped to be safe.
{   'wrist_flex': {   'original goal_pos': 71.50516045676626,
                      'safe goal_pos': 52.73626373626374}}
WARNING:root:Relative goal position magnitude had to be clamped to be safe.
{   'wrist_flex': {   'original goal_pos': 71.95553558668385,
                      'safe goal_pos': 52.73626373626374}}
WARNING:root:Relative goal position magnitude had to be clamped to be safe.
{   'wrist_flex': {   'original goal_pos': 71.52623312204784,
                      'safe goal_pos': 52.73626373626374}}
WARNING:root:Relative goal position magnitude had to be clamped to be safe.
{   'wrist_flex': {   'original goal_pos': 70.67641425682694,
                      'safe goal_pos': 52.73626373626374}}
WARNING:root:Relative goal position magnitude had to be clamped to be safe.
{   'wrist_flex': {   'original goal_pos': 69.70925428889309,
                      'safe goal_pos': 52.73626373626374}}
WARNING:root:Relative goal position magnitude had to be clamped to be safe.
{   'wrist_roll': {   'original goal_pos': -27.91979900925071,
                      'safe goal_pos': -27.285714285714285}}
WARNING:root:Relative goal position magnitude had to be clamped to be safe.
{   'wrist_flex': {   'original goal_pos': 68.79531334625892,
                      'safe goal_pos': 52.73626373626374}}
WARNING:root:Relative goal position magnitude had to be clamped to be safe.
{   'wrist_roll': {   'original goal_pos': -29.97769155459188,
                      'safe goal_pos': -29.307692307692307}}
WARNING:root:Relative goal position magnitude had to be clamped to be safe.
{   'wrist_flex': {   'original goal_pos': 68.2343395037182,
                      'safe goal_pos': 52.73626373626374}}
WARNING:root:Relative goal position magnitude had to be clamped to be safe.
{   'wrist_roll': {   'original goal_pos': -31.71201857712787,
                      'safe goal_pos': -30.89010989010989}}
WARNING:root:Relative goal position magnitude had to be clamped to be safe.
{   'wrist_flex': {   'original goal_pos': 68.0656752978317,
                      'safe goal_pos': 52.73626373626374}}
WARNING:root:Relative goal position magnitude had to be clamped to be safe.
{   'wrist_flex': {   'original goal_pos': 68.22659423283442,
                      'safe goal_pos': 52.73626373626374}}
WARNING:root:Relative goal position magnitude had to be clamped to be safe.
{   'wrist_flex': {   'original goal_pos': 68.60101742904172,
                      'safe goal_pos': 52.73626373626374}}
WARNING:root:Relative goal position magnitude had to be clamped to be safe.
{   'wrist_flex': {   'original goal_pos': 69.20300118492985,
                      'safe goal_pos': 52.73626373626374}}
WARNING:root:Relative goal position magnitude had to be clamped to be safe.
{   'wrist_flex': {   'original goal_pos': 70.04227973586138,
                      'safe goal_pos': 52.73626373626374}}
WARNING:root:Relative goal position magnitude had to be clamped to be safe.
{   'wrist_flex': {   'original goal_pos': 71.03396330870241,
                      'safe goal_pos': 52.73626373626374}}
WARNING:root:Relative goal position magnitude had to be clamped to be safe.
{   'wrist_flex': {   'original goal_pos': 71.79591789194984,
                      'safe goal_pos': 52.73626373626374}}
WARNING:root:Relative goal position magnitude had to be clamped to be safe.
{   'wrist_flex': {   'original goal_pos': 72.21086110127554,
                      'safe goal_pos': 52.73626373626374}}
WARNING:root:Relative goal position magnitude had to be clamped to be safe.
{   'wrist_flex': {   'original goal_pos': 72.42295013689522,
                      'safe goal_pos': 52.73626373626374}}
WARNING:root:Relative goal position magnitude had to be clamped to be safe.
{   'wrist_flex': {   'original goal_pos': 72.32638112682534,
                      'safe goal_pos': 52.73626373626374}}
WARNING:root:Relative goal position magnitude had to be clamped to be safe.
{   'wrist_flex': {   'original goal_pos': 71.67554161073565,
                      'safe goal_pos': 52.73626373626374}}
WARNING:root:Relative goal position magnitude had to be clamped to be safe.
{   'wrist_flex': {   'original goal_pos': 70.90625201004806,
                      'safe goal_pos': 52.73626373626374}}
WARNING:root:Relative goal position magnitude had to be clamped to be safe.
{   'wrist_flex': {   'original goal_pos': 71.12289593159922,
                      'safe goal_pos': 52.73626373626374}}
WARNING:root:Relative goal position magnitude had to be clamped to be safe.
{   'wrist_flex': {   'original goal_pos': 72.08581728429105,
                      'safe goal_pos': 52.73626373626374}}
WARNING:root:Relative goal position magnitude had to be clamped to be safe.
{   'wrist_flex': {   'original goal_pos': 72.97011821481458,
                      'safe goal_pos': 52.73626373626374}}
WARNING:root:Relative goal position magnitude had to be clamped to be safe.
{   'wrist_flex': {   'original goal_pos': 73.69059402832272,
                      'safe goal_pos': 52.73626373626374}}
WARNING:root:Relative goal position magnitude had to be clamped to be safe.
{   'wrist_flex': {   'original goal_pos': 73.66034421562792,
                      'safe goal_pos': 52.73626373626374}}
WARNING:root:Relative goal position magnitude had to be clamped to be safe.
{   'wrist_flex': {   'original goal_pos': 72.60810662883549,
                      'safe goal_pos': 52.73626373626374}}
WARNING:root:Relative goal position magnitude had to be clamped to be safe.
{   'wrist_flex': {   'original goal_pos': 71.40539753897028,
                      'safe goal_pos': 52.73626373626374}}
WARNING:root:Relative goal position magnitude had to be clamped to be safe.
{   'wrist_flex': {   'original goal_pos': 70.71323571692632,
                      'safe goal_pos': 52.73626373626374}}
WARNING:root:Relative goal position magnitude had to be clamped to be safe.
{   'wrist_flex': {   'original goal_pos': 70.29912181791951,
                      'safe goal_pos': 52.73626373626374}}
WARNING:root:Relative goal position magnitude had to be clamped to be safe.
{   'wrist_flex': {   'original goal_pos': 69.77832453485664,
                      'safe goal_pos': 52.73626373626374}}
WARNING:root:Relative goal position magnitude had to be clamped to be safe.
{   'wrist_flex': {   'original goal_pos': 69.48257261565246,
                      'safe goal_pos': 52.73626373626374}}
WARNING:root:Relative goal position magnitude had to be clamped to be safe.
{   'wrist_flex': {   'original goal_pos': 69.60227609436829,
                      'safe goal_pos': 52.73626373626374}}
WARNING:root:Relative goal position magnitude had to be clamped to be safe.
{   'wrist_flex': {   'original goal_pos': 69.92934018429574,
                      'safe goal_pos': 52.73626373626374}}
WARNING:root:Relative goal position magnitude had to be clamped to be safe.
{   'wrist_flex': {   'original goal_pos': 70.20038785330526,
                      'safe goal_pos': 52.73626373626374}}
WARNING:root:Relative goal position magnitude had to be clamped to be safe.
{   'wrist_flex': {   'original goal_pos': 70.24339136032182,
                      'safe goal_pos': 52.73626373626374}}
WARNING:root:Relative goal position magnitude had to be clamped to be safe.
{   'wrist_flex': {   'original goal_pos': 70.1746666480469,
                      'safe goal_pos': 52.73626373626374}}
WARNING:root:Relative goal position magnitude had to be clamped to be safe.
{   'wrist_flex': {   'original goal_pos': 70.17267579921823,
                      'safe goal_pos': 52.73626373626374}}
WARNING:root:Relative goal position magnitude had to be clamped to be safe.
{   'wrist_flex': {   'original goal_pos': 69.99971415380567,
                      'safe goal_pos': 52.73626373626374}}
WARNING:root:Relative goal position magnitude had to be clamped to be safe.
{   'wrist_flex': {   'original goal_pos': 69.6284384465614,
                      'safe goal_pos': 52.73626373626374}}
WARNING:root:Relative goal position magnitude had to be clamped to be safe.
{   'wrist_flex': {   'original goal_pos': 69.26611422066134,
                      'safe goal_pos': 52.73626373626374}}
WARNING:root:Relative goal position magnitude had to be clamped to be safe.
{   'wrist_flex': {   'original goal_pos': 68.70660727424418,
                      'safe goal_pos': 52.73626373626374}}
WARNING:root:Relative goal position magnitude had to be clamped to be safe.
{   'wrist_flex': {   'original goal_pos': 67.95858333360364,
                      'safe goal_pos': 52.73626373626374}}
WARNING:root:Relative goal position magnitude had to be clamped to be safe.
{   'wrist_flex': {   'original goal_pos': 67.21610689184197,
                      'safe goal_pos': 52.73626373626374}}
WARNING:root:Relative goal position magnitude had to be clamped to be safe.
{   'wrist_flex': {   'original goal_pos': 66.5528445013822,
                      'safe goal_pos': 52.73626373626374}}
WARNING:root:Relative goal position magnitude had to be clamped to be safe.
{   'wrist_flex': {   'original goal_pos': 65.97988198078096,
                      'safe goal_pos': 52.73626373626374}}
WARNING:root:Relative goal position magnitude had to be clamped to be safe.
{   'wrist_flex': {   'original goal_pos': 65.45722019695285,
                      'safe goal_pos': 52.73626373626374}}
WARNING:root:Relative goal position magnitude had to be clamped to be safe.
{   'wrist_flex': {   'original goal_pos': 65.06174098455362,
                      'safe goal_pos': 52.73626373626374}}
WARNING:root:Relative goal position magnitude had to be clamped to be safe.
{   'wrist_flex': {   'original goal_pos': 64.60417315562849,
                      'safe goal_pos': 52.73626373626374}}
WARNING:root:Relative goal position magnitude had to be clamped to be safe.
{   'wrist_flex': {   'original goal_pos': 64.11195700412225,
                      'safe goal_pos': 52.73626373626374}}
WARNING:root:Relative goal position magnitude had to be clamped to be safe.
{   'wrist_flex': {   'original goal_pos': 63.776789991903414,
                      'safe goal_pos': 52.73626373626374}}
WARNING:root:Relative goal position magnitude had to be clamped to be safe.
{   'wrist_flex': {   'original goal_pos': 63.73627248565478,
                      'safe goal_pos': 52.73626373626374}}
WARNING:root:Relative goal position magnitude had to be clamped to be safe.
{   'wrist_flex': {   'original goal_pos': 63.74953802186474,
                      'safe goal_pos': 52.73626373626374}}
WARNING:root:Relative goal position magnitude had to be clamped to be safe.
{   'wrist_flex': {   'original goal_pos': 63.61249305075048,
                      'safe goal_pos': 52.73626373626374}}
WARNING:root:Relative goal position magnitude had to be clamped to be safe.
{   'wrist_flex': {   'original goal_pos': 63.433147653981045,
                      'safe goal_pos': 52.73626373626374}}
WARNING:root:Relative goal position magnitude had to be clamped to be safe.
{   'wrist_flex': {   'original goal_pos': 63.32188304236294,
                      'safe goal_pos': 52.73626373626374}}
WARNING:root:Relative goal position magnitude had to be clamped to be safe.
{   'wrist_flex': {   'original goal_pos': 63.236440368094144,
                      'safe goal_pos': 52.73626373626374}}
WARNING:root:Relative goal position magnitude had to be clamped to be safe.
{   'wrist_flex': {   'original goal_pos': 63.19480417023371,
                      'safe goal_pos': 52.73626373626374}}
WARNING:root:Relative goal position magnitude had to be clamped to be safe.
{   'wrist_flex': {   'original goal_pos': 63.46678960211706,
                      'safe goal_pos': 52.73626373626374}}
WARNING:root:Relative goal position magnitude had to be clamped to be safe.
{   'wrist_flex': {   'original goal_pos': 64.1807031758213,
                      'safe goal_pos': 52.73626373626374}}
WARNING:root:Relative goal position magnitude had to be clamped to be safe.
{   'wrist_flex': {   'original goal_pos': 65.16470632964516,
                      'safe goal_pos': 52.73626373626374}}
WARNING:root:Relative goal position magnitude had to be clamped to be safe.
{   'wrist_flex': {   'original goal_pos': 66.18583552615114,
                      'safe goal_pos': 52.73626373626374}}
WARNING:root:Relative goal position magnitude had to be clamped to be safe.
{   'wrist_flex': {   'original goal_pos': 66.9902596087753,
                      'safe goal_pos': 52.73626373626374}}
WARNING:root:Relative goal position magnitude had to be clamped to be safe.
{   'wrist_flex': {   'original goal_pos': 67.47855474141241,
                      'safe goal_pos': 52.73626373626374}}
WARNING:root:Relative goal position magnitude had to be clamped to be safe.
{   'wrist_flex': {   'original goal_pos': 67.67823602323871,
                      'safe goal_pos': 52.73626373626374}}
WARNING:root:Relative goal position magnitude had to be clamped to be safe.
{   'wrist_flex': {   'original goal_pos': 67.42198038741112,
                      'safe goal_pos': 52.73626373626374}}
WARNING:root:Relative goal position magnitude had to be clamped to be safe.
{   'wrist_flex': {   'original goal_pos': 66.66238783498936,
                      'safe goal_pos': 52.73626373626374}}
WARNING:root:Relative goal position magnitude had to be clamped to be safe.
{   'wrist_flex': {   'original goal_pos': 65.81001900586092,
                      'safe goal_pos': 52.73626373626374}}
WARNING:root:Relative goal position magnitude had to be clamped to be safe.
{   'wrist_flex': {   'original goal_pos': 64.52718898908118,
                      'safe goal_pos': 52.73626373626374}}
WARNING:root:Relative goal position magnitude had to be clamped to be safe.
{   'wrist_flex': {   'original goal_pos': 62.45048801047302,
                      'safe goal_pos': 52.73626373626374}}
WARNING:root:Relative goal position magnitude had to be clamped to be safe.
{   'wrist_flex': {   'original goal_pos': 59.66400861100519,
                      'safe goal_pos': 52.73626373626374}}
WARNING:root:Relative goal position magnitude had to be clamped to be safe.
{   'wrist_flex': {   'original goal_pos': 56.7944139416105,
                      'safe goal_pos': 52.73626373626374}}
WARNING:root:Relative goal position magnitude had to be clamped to be safe.
{   'wrist_flex': {   'original goal_pos': 54.0359559613442,
                      'safe goal_pos': 52.73626373626374}}
WARNING:root:Relative goal position magnitude had to be clamped to be safe.
{   'wrist_flex': {   'original goal_pos': 52.748366122630436,
                      'safe goal_pos': 52.73626373626374}}
WARNING:root:Relative goal position magnitude had to be clamped to be safe.
{   'wrist_flex': {   'original goal_pos': 54.241825108656144,
                      'safe goal_pos': 52.73626373626374}}
WARNING:root:Relative goal position magnitude had to be clamped to be safe.
{   'wrist_flex': {   'original goal_pos': 56.777952886174916,
                      'safe goal_pos': 52.73626373626374}}
WARNING:root:Relative goal position magnitude had to be clamped to be safe.
{   'wrist_flex': {   'original goal_pos': 59.31119918750447,
                      'safe goal_pos': 52.73626373626374}}
WARNING:root:Relative goal position magnitude had to be clamped to be safe.
{   'wrist_flex': {   'original goal_pos': 61.35824070607223,
                      'safe goal_pos': 52.73626373626374}}
WARNING:root:Relative goal position magnitude had to be clamped to be safe.
{   'wrist_flex': {   'original goal_pos': 62.82007917878046,
                      'safe goal_pos': 52.73626373626374}}
WARNING:root:Relative goal position magnitude had to be clamped to be safe.
{   'wrist_flex': {   'original goal_pos': 63.805622953316075,
                      'safe goal_pos': 52.73626373626374}}
WARNING:root:Relative goal position magnitude had to be clamped to be safe.
{   'wrist_flex': {   'original goal_pos': 64.12706113210966,
                      'safe goal_pos': 52.73626373626374}}
WARNING:root:Relative goal position magnitude had to be clamped to be safe.
{   'wrist_flex': {   'original goal_pos': 64.01027878477166,
                      'safe goal_pos': 52.73626373626374}}
WARNING:root:Relative goal position magnitude had to be clamped to be safe.
{   'wrist_flex': {   'original goal_pos': 63.54941713238225,
                      'safe goal_pos': 52.73626373626374}}
WARNING:root:Relative goal position magnitude had to be clamped to be safe.
{   'wrist_flex': {   'original goal_pos': 62.489404126150816,
                      'safe goal_pos': 52.73626373626374}}
WARNING:root:Relative goal position magnitude had to be clamped to be safe.
{   'wrist_flex': {   'original goal_pos': 61.641014114662404,
                      'safe goal_pos': 52.73626373626374}}
WARNING:root:Relative goal position magnitude had to be clamped to be safe.
{   'wrist_flex': {   'original goal_pos': 61.56564195754771,
                      'safe goal_pos': 52.73626373626374}}
WARNING:root:Relative goal position magnitude had to be clamped to be safe.
{   'wrist_flex': {   'original goal_pos': 62.00854404884153,
                      'safe goal_pos': 52.73626373626374}}
WARNING:root:Relative goal position magnitude had to be clamped to be safe.
{   'wrist_flex': {   'original goal_pos': 62.39158475469557,
                      'safe goal_pos': 52.73626373626374}}
WARNING:root:Relative goal position magnitude had to be clamped to be safe.
{   'wrist_flex': {   'original goal_pos': 63.07150419350746,
                      'safe goal_pos': 52.73626373626374}}
WARNING:root:Relative goal position magnitude had to be clamped to be safe.
{   'wrist_flex': {   'original goal_pos': 63.632655659358804,
                      'safe goal_pos': 52.73626373626374}}
WARNING:root:Relative goal position magnitude had to be clamped to be safe.
{   'wrist_flex': {   'original goal_pos': 63.92143574626901,
                      'safe goal_pos': 52.73626373626374}}
WARNING:root:Relative goal position magnitude had to be clamped to be safe.
{   'wrist_flex': {   'original goal_pos': 64.19085672273181,
                      'safe goal_pos': 52.73626373626374}}
WARNING:root:Relative goal position magnitude had to be clamped to be safe.
{   'wrist_flex': {   'original goal_pos': 64.29868636048175,
                      'safe goal_pos': 52.73626373626374}}
WARNING:root:Relative goal position magnitude had to be clamped to be safe.
{   'wrist_flex': {   'original goal_pos': 64.38335652095714,
                      'safe goal_pos': 52.73626373626374}}
WARNING:root:Relative goal position magnitude had to be clamped to be safe.
{   'wrist_flex': {   'original goal_pos': 64.56629086530133,
                      'safe goal_pos': 52.73626373626374}}
WARNING:root:Relative goal position magnitude had to be clamped to be safe.
{   'wrist_flex': {   'original goal_pos': 64.86347526949899,
                      'safe goal_pos': 52.73626373626374}}
WARNING:root:Relative goal position magnitude had to be clamped to be safe.
{   'wrist_flex': {   'original goal_pos': 65.53486004650367,
                      'safe goal_pos': 52.73626373626374}}
WARNING:root:Relative goal position magnitude had to be clamped to be safe.
{   'wrist_flex': {   'original goal_pos': 66.04963117944327,
                      'safe goal_pos': 52.73626373626374}}
WARNING:root:Relative goal position magnitude had to be clamped to be safe.
{   'wrist_flex': {   'original goal_pos': 66.43151484118881,
                      'safe goal_pos': 52.73626373626374}}
WARNING:root:Relative goal position magnitude had to be clamped to be safe.
{   'wrist_flex': {   'original goal_pos': 66.89938424180275,
                      'safe goal_pos': 52.73626373626374}}
WARNING:root:Relative goal position magnitude had to be clamped to be safe.
{   'wrist_flex': {   'original goal_pos': 67.15880700384085,
                      'safe goal_pos': 52.73626373626374}}
WARNING:root:Relative goal position magnitude had to be clamped to be safe.
{   'wrist_flex': {   'original goal_pos': 67.07290645648541,
                      'safe goal_pos': 52.73626373626374}}
WARNING:root:Relative goal position magnitude had to be clamped to be safe.
{   'wrist_flex': {   'original goal_pos': 67.00244638810045,
                      'safe goal_pos': 52.73626373626374}}
WARNING:root:Relative goal position magnitude had to be clamped to be safe.
{   'wrist_flex': {   'original goal_pos': 67.41996959616847,
                      'safe goal_pos': 52.73626373626374}}
WARNING:root:Relative goal position magnitude had to be clamped to be safe.
{   'wrist_flex': {   'original goal_pos': 68.01155100343018,
                      'safe goal_pos': 52.73626373626374}}
WARNING:root:Relative goal position magnitude had to be clamped to be safe.
{   'wrist_flex': {   'original goal_pos': 68.67747221152645,
                      'safe goal_pos': 52.73626373626374}}
WARNING:root:Relative goal position magnitude had to be clamped to be safe.
{   'wrist_flex': {   'original goal_pos': 69.27734793104328,
                      'safe goal_pos': 52.73626373626374}}
WARNING:root:Relative goal position magnitude had to be clamped to be safe.
{   'wrist_flex': {   'original goal_pos': 69.65311137372798,
                      'safe goal_pos': 52.73626373626374}}
WARNING:root:Relative goal position magnitude had to be clamped to be safe.
{   'wrist_flex': {   'original goal_pos': 69.99736616998212,
                      'safe goal_pos': 52.73626373626374}}
WARNING:root:Relative goal position magnitude had to be clamped to be safe.
{   'wrist_flex': {   'original goal_pos': 70.17426560704601,
                      'safe goal_pos': 52.73626373626374}}
WARNING:root:Relative goal position magnitude had to be clamped to be safe.
{   'wrist_flex': {   'original goal_pos': 70.0204735872212,
                      'safe goal_pos': 52.73626373626374}}
WARNING:root:Relative goal position magnitude had to be clamped to be safe.
{   'wrist_flex': {   'original goal_pos': 69.8966665077624,
                      'safe goal_pos': 52.73626373626374}}
WARNING:root:Relative goal position magnitude had to be clamped to be safe.
{   'wrist_flex': {   'original goal_pos': 70.02390970973921,
                      'safe goal_pos': 52.73626373626374}}
WARNING:root:Relative goal position magnitude had to be clamped to be safe.
{   'wrist_flex': {   'original goal_pos': 70.50596763508211,
                      'safe goal_pos': 52.73626373626374}}
WARNING:root:Relative goal position magnitude had to be clamped to be safe.
{   'wrist_flex': {   'original goal_pos': 71.0351037130126,
                      'safe goal_pos': 52.73626373626374}}
WARNING:root:Relative goal position magnitude had to be clamped to be safe.
{   'wrist_flex': {   'original goal_pos': 71.44335166616747,
                      'safe goal_pos': 52.73626373626374}}
WARNING:root:Relative goal position magnitude had to be clamped to be safe.
{   'wrist_flex': {   'original goal_pos': 71.74497642211895,
                      'safe goal_pos': 52.73626373626374}}
WARNING:root:Relative goal position magnitude had to be clamped to be safe.
{   'wrist_flex': {   'original goal_pos': 71.81510581510602,
                      'safe goal_pos': 52.73626373626374}}
WARNING:root:Relative goal position magnitude had to be clamped to be safe.
{   'wrist_flex': {   'original goal_pos': 71.46028939245397,
                      'safe goal_pos': 52.73626373626374}}
WARNING:root:Relative goal position magnitude had to be clamped to be safe.
{   'wrist_flex': {   'original goal_pos': 70.6198784430621,
                      'safe goal_pos': 52.73626373626374}}
WARNING:root:Relative goal position magnitude had to be clamped to be safe.
{   'wrist_flex': {   'original goal_pos': 69.56946520855007,
                      'safe goal_pos': 52.73626373626374}}
WARNING:root:Relative goal position magnitude had to be clamped to be safe.
{   'wrist_flex': {   'original goal_pos': 69.15984178790336,
                      'safe goal_pos': 52.73626373626374}}
WARNING:root:Relative goal position magnitude had to be clamped to be safe.
{   'wrist_flex': {   'original goal_pos': 69.72607011132331,
                      'safe goal_pos': 52.73626373626374}}
WARNING:root:Relative goal position magnitude had to be clamped to be safe.
{   'wrist_flex': {   'original goal_pos': 70.40811199329298,
                      'safe goal_pos': 52.73626373626374}}
WARNING:root:Relative goal position magnitude had to be clamped to be safe.
{   'wrist_flex': {   'original goal_pos': 71.12440147317541,
                      'safe goal_pos': 52.73626373626374}}
WARNING:root:Relative goal position magnitude had to be clamped to be safe.
{   'wrist_flex': {   'original goal_pos': 71.22327879316762,
                      'safe goal_pos': 52.73626373626374}}
WARNING:root:Relative goal position magnitude had to be clamped to be safe.
{   'wrist_flex': {   'original goal_pos': 70.54770261584639,
                      'safe goal_pos': 52.73626373626374}}
WARNING:root:Relative goal position magnitude had to be clamped to be safe.
{   'wrist_flex': {   'original goal_pos': 69.88426945304806,
                      'safe goal_pos': 52.73626373626374}}
WARNING:root:Relative goal position magnitude had to be clamped to be safe.
{   'wrist_flex': {   'original goal_pos': 69.124874983249,
                      'safe goal_pos': 52.73626373626374}}
WARNING:root:Relative goal position magnitude had to be clamped to be safe.
{   'wrist_flex': {   'original goal_pos': 68.89964103463977,
                      'safe goal_pos': 52.73626373626374}}
WARNING:root:Relative goal position magnitude had to be clamped to be safe.
{   'wrist_flex': {   'original goal_pos': 69.24856962532861,
                      'safe goal_pos': 52.73626373626374}}
WARNING:root:Relative goal position magnitude had to be clamped to be safe.
{   'wrist_flex': {   'original goal_pos': 69.37423190000618,
                      'safe goal_pos': 52.73626373626374}}
WARNING:root:Relative goal position magnitude had to be clamped to be safe.
{   'wrist_flex': {   'original goal_pos': 69.1271657681812,
                      'safe goal_pos': 52.73626373626374}}
WARNING:root:Relative goal position magnitude had to be clamped to be safe.
{   'wrist_flex': {   'original goal_pos': 68.50743508704966,
                      'safe goal_pos': 52.73626373626374}}
WARNING:root:Relative goal position magnitude had to be clamped to be safe.
{   'wrist_flex': {   'original goal_pos': 67.4774332976776,
                      'safe goal_pos': 52.73626373626374}}
WARNING:root:Relative goal position magnitude had to be clamped to be safe.
{   'wrist_flex': {   'original goal_pos': 66.84738137500332,
                      'safe goal_pos': 52.73626373626374}}
WARNING:root:Relative goal position magnitude had to be clamped to be safe.
{   'wrist_flex': {   'original goal_pos': 67.24106101912791,
                      'safe goal_pos': 52.73626373626374}}
WARNING:root:Relative goal position magnitude had to be clamped to be safe.
{   'wrist_flex': {   'original goal_pos': 67.73807333970761,
                      'safe goal_pos': 52.73626373626374}}
WARNING:root:Relative goal position magnitude had to be clamped to be safe.
{   'wrist_flex': {   'original goal_pos': 68.06030315012895,
                      'safe goal_pos': 52.73626373626374}}
WARNING:root:Relative goal position magnitude had to be clamped to be safe.
{   'wrist_flex': {   'original goal_pos': 67.80254759559658,
                      'safe goal_pos': 52.73626373626374}}
WARNING:root:Relative goal position magnitude had to be clamped to be safe.
{   'wrist_flex': {   'original goal_pos': 67.20547427008748,
                      'safe goal_pos': 52.73626373626374}}
WARNING:root:Relative goal position magnitude had to be clamped to be safe.
{   'wrist_flex': {   'original goal_pos': 66.72948325482703,
                      'safe goal_pos': 52.73626373626374}}
WARNING:root:Relative goal position magnitude had to be clamped to be safe.
{   'wrist_flex': {   'original goal_pos': 66.18796334527443,
                      'safe goal_pos': 52.73626373626374}}
WARNING:root:Relative goal position magnitude had to be clamped to be safe.
{   'wrist_flex': {   'original goal_pos': 65.7582599137427,
                      'safe goal_pos': 52.73626373626374}}
WARNING:root:Relative goal position magnitude had to be clamped to be safe.
{   'wrist_flex': {   'original goal_pos': 66.54153879025641,
                      'safe goal_pos': 52.73626373626374}}
WARNING:root:Relative goal position magnitude had to be clamped to be safe.
{   'wrist_flex': {   'original goal_pos': 68.48075110401899,
                      'safe goal_pos': 52.73626373626374}}
WARNING:root:Relative goal position magnitude had to be clamped to be safe.
{   'wrist_flex': {   'original goal_pos': 70.21905541219662,
                      'safe goal_pos': 52.73626373626374}}
WARNING:root:Relative goal position magnitude had to be clamped to be safe.
{   'wrist_flex': {   'original goal_pos': 71.28201356707675,
                      'safe goal_pos': 52.73626373626374}}
WARNING:root:Relative goal position magnitude had to be clamped to be safe.
{   'wrist_flex': {   'original goal_pos': 71.6819120270816,
                      'safe goal_pos': 52.73626373626374}}
WARNING:root:Relative goal position magnitude had to be clamped to be safe.
{   'wrist_flex': {   'original goal_pos': 71.20958105519614,
                      'safe goal_pos': 52.73626373626374}}
WARNING:root:Relative goal position magnitude had to be clamped to be safe.
{   'wrist_flex': {   'original goal_pos': 70.35368001817957,
                      'safe goal_pos': 52.73626373626374}}
WARNING:root:Relative goal position magnitude had to be clamped to be safe.
{   'wrist_flex': {   'original goal_pos': 69.68730277851532,
                      'safe goal_pos': 52.73626373626374}}
WARNING:root:Relative goal position magnitude had to be clamped to be safe.
{   'wrist_flex': {   'original goal_pos': 69.40817760299377,
                      'safe goal_pos': 52.73626373626374}}
WARNING:root:Relative goal position magnitude had to be clamped to be safe.
{   'wrist_flex': {   'original goal_pos': 68.99657426937506,
                      'safe goal_pos': 52.73626373626374}}
WARNING:root:Relative goal position magnitude had to be clamped to be safe.
{   'wrist_flex': {   'original goal_pos': 68.36173364664644,
                      'safe goal_pos': 52.73626373626374}}
WARNING:root:Relative goal position magnitude had to be clamped to be safe.
{   'wrist_flex': {   'original goal_pos': 67.87173891000285,
                      'safe goal_pos': 52.73626373626374}}
WARNING:root:Relative goal position magnitude had to be clamped to be safe.
{   'wrist_flex': {   'original goal_pos': 67.55229498775643,
                      'safe goal_pos': 52.73626373626374}}
WARNING:root:Relative goal position magnitude had to be clamped to be safe.
{   'wrist_flex': {   'original goal_pos': 67.35942940874531,
                      'safe goal_pos': 52.73626373626374}}
WARNING:root:Relative goal position magnitude had to be clamped to be safe.
{   'wrist_flex': {   'original goal_pos': 67.1661483764538,
                      'safe goal_pos': 52.73626373626374}}
WARNING:root:Relative goal position magnitude had to be clamped to be safe.
{   'wrist_flex': {   'original goal_pos': 66.85492425528031,
                      'safe goal_pos': 52.73626373626374}}
WARNING:root:Relative goal position magnitude had to be clamped to be safe.
{   'wrist_flex': {   'original goal_pos': 66.65890989141643,
                      'safe goal_pos': 52.73626373626374}}
WARNING:root:Relative goal position magnitude had to be clamped to be safe.
{   'wrist_flex': {   'original goal_pos': 66.49640135871977,
                      'safe goal_pos': 52.73626373626374}}
WARNING:root:Relative goal position magnitude had to be clamped to be safe.
{   'wrist_flex': {   'original goal_pos': 65.90062815550465,
                      'safe goal_pos': 52.73626373626374}}
WARNING:root:Relative goal position magnitude had to be clamped to be safe.
{   'wrist_flex': {   'original goal_pos': 64.8862243239682,
                      'safe goal_pos': 52.73626373626374}}
WARNING:root:Relative goal position magnitude had to be clamped to be safe.
{   'wrist_flex': {   'original goal_pos': 63.592601502526314,
                      'safe goal_pos': 52.73626373626374}}
WARNING:root:Relative goal position magnitude had to be clamped to be safe.
{   'wrist_flex': {   'original goal_pos': 62.43919299959181,
                      'safe goal_pos': 52.73626373626374}}
WARNING:root:Relative goal position magnitude had to be clamped to be safe.
{   'wrist_flex': {   'original goal_pos': 62.028905508237614,
                      'safe goal_pos': 52.73626373626374}}
WARNING:root:Relative goal position magnitude had to be clamped to be safe.
{   'wrist_flex': {   'original goal_pos': 61.85886914455499,
                      'safe goal_pos': 52.73626373626374}}
WARNING:root:Relative goal position magnitude had to be clamped to be safe.
{   'wrist_flex': {   'original goal_pos': 61.94131967537575,
                      'safe goal_pos': 52.73626373626374}}
WARNING:root:Relative goal position magnitude had to be clamped to be safe.
{   'wrist_flex': {   'original goal_pos': 62.669684841024086,
                      'safe goal_pos': 52.73626373626374}}
WARNING:root:Relative goal position magnitude had to be clamped to be safe.
{   'wrist_flex': {   'original goal_pos': 63.279036545167756,
                      'safe goal_pos': 52.73626373626374}}
WARNING:root:Relative goal position magnitude had to be clamped to be safe.
{   'wrist_flex': {   'original goal_pos': 62.90852256697579,
                      'safe goal_pos': 52.73626373626374}}
WARNING:root:Relative goal position magnitude had to be clamped to be safe.
{   'wrist_flex': {   'original goal_pos': 61.82908031475426,
                      'safe goal_pos': 52.73626373626374}}
WARNING:root:Relative goal position magnitude had to be clamped to be safe.
{   'wrist_flex': {   'original goal_pos': 61.065713385912815,
                      'safe goal_pos': 52.73626373626374}}
WARNING:root:Relative goal position magnitude had to be clamped to be safe.
{   'wrist_flex': {   'original goal_pos': 60.98222348265513,
                      'safe goal_pos': 52.73626373626374}}
WARNING:root:Relative goal position magnitude had to be clamped to be safe.
{   'wrist_flex': {   'original goal_pos': 61.012530465866725,
                      'safe goal_pos': 52.73626373626374}}
WARNING:root:Relative goal position magnitude had to be clamped to be safe.
{   'wrist_flex': {   'original goal_pos': 60.73555685510983,
                      'safe goal_pos': 52.73626373626374}}
WARNING:root:Relative goal position magnitude had to be clamped to be safe.
{   'wrist_flex': {   'original goal_pos': 60.667485505723995,
                      'safe goal_pos': 52.73626373626374}}
WARNING:root:Relative goal position magnitude had to be clamped to be safe.
{   'wrist_flex': {   'original goal_pos': 60.52004764577556,
                      'safe goal_pos': 52.73626373626374}}
WARNING:root:Relative goal position magnitude had to be clamped to be safe.
{   'wrist_flex': {   'original goal_pos': 60.156126224031354,
                      'safe goal_pos': 52.73626373626374}}
WARNING:root:Relative goal position magnitude had to be clamped to be safe.
{   'wrist_flex': {   'original goal_pos': 59.78454643737821,
                      'safe goal_pos': 52.73626373626374}}
WARNING:root:Relative goal position magnitude had to be clamped to be safe.
{   'wrist_flex': {   'original goal_pos': 59.70010615960592,
                      'safe goal_pos': 52.73626373626374}}
WARNING:root:Relative goal position magnitude had to be clamped to be safe.
{   'wrist_flex': {   'original goal_pos': 59.90659623791809,
                      'safe goal_pos': 52.73626373626374}}
WARNING:root:Relative goal position magnitude had to be clamped to be safe.
{   'wrist_flex': {   'original goal_pos': 60.24917181516435,
                      'safe goal_pos': 52.73626373626374}}
WARNING:root:Relative goal position magnitude had to be clamped to be safe.
{   'wrist_flex': {   'original goal_pos': 59.985496235799424,
                      'safe goal_pos': 52.73626373626374}}
WARNING:root:Relative goal position magnitude had to be clamped to be safe.
{   'wrist_flex': {   'original goal_pos': 58.95099532236222,
                      'safe goal_pos': 52.73626373626374}}
WARNING:root:Relative goal position magnitude had to be clamped to be safe.
{   'wrist_flex': {   'original goal_pos': 58.032949144784354,
                      'safe goal_pos': 52.73626373626374}}
WARNING:root:Relative goal position magnitude had to be clamped to be safe.
{   'wrist_flex': {   'original goal_pos': 57.68331519891015,
                      'safe goal_pos': 52.73626373626374}}
WARNING:root:Relative goal position magnitude had to be clamped to be safe.
{   'wrist_flex': {   'original goal_pos': 57.5797189483824,
                      'safe goal_pos': 52.73626373626374}}
WARNING:root:Relative goal position magnitude had to be clamped to be safe.
{   'wrist_flex': {   'original goal_pos': 57.55581478298315,
                      'safe goal_pos': 52.73626373626374}}
WARNING:root:Relative goal position magnitude had to be clamped to be safe.
{   'wrist_flex': {   'original goal_pos': 57.475771025856936,
                      'safe goal_pos': 52.73626373626374}}
WARNING:root:Relative goal position magnitude had to be clamped to be safe.
{   'wrist_flex': {   'original goal_pos': 57.3418990113852,
                      'safe goal_pos': 52.73626373626374}}
WARNING:root:Relative goal position magnitude had to be clamped to be safe.
{   'wrist_flex': {   'original goal_pos': 57.24963371539464,
                      'safe goal_pos': 52.73626373626374}}
WARNING:root:Relative goal position magnitude had to be clamped to be safe.
{   'wrist_flex': {   'original goal_pos': 57.18437329891436,
                      'safe goal_pos': 52.73626373626374}}
WARNING:root:Relative goal position magnitude had to be clamped to be safe.
{   'wrist_flex': {   'original goal_pos': 57.131490758271866,
                      'safe goal_pos': 52.73626373626374}}
WARNING:root:Relative goal position magnitude had to be clamped to be safe.
{   'wrist_flex': {   'original goal_pos': 57.02737748659002,
                      'safe goal_pos': 52.73626373626374}}
WARNING:root:Relative goal position magnitude had to be clamped to be safe.
{   'wrist_flex': {   'original goal_pos': 56.83454019100809,
                      'safe goal_pos': 52.73626373626374}}
WARNING:root:Relative goal position magnitude had to be clamped to be safe.
{   'wrist_flex': {   'original goal_pos': 56.667471188315105,
                      'safe goal_pos': 52.73626373626374}}
WARNING:root:Relative goal position magnitude had to be clamped to be safe.
{   'wrist_flex': {   'original goal_pos': 56.516537058144095,
                      'safe goal_pos': 52.73626373626374}}
WARNING:root:Relative goal position magnitude had to be clamped to be safe.
{   'wrist_flex': {   'original goal_pos': 56.13610378501734,
                      'safe goal_pos': 52.73626373626374}}
WARNING:root:Relative goal position magnitude had to be clamped to be safe.
{   'wrist_flex': {   'original goal_pos': 55.29992493087851,
                      'safe goal_pos': 52.73626373626374}}
WARNING:root:Relative goal position magnitude had to be clamped to be safe.
{   'wrist_flex': {   'original goal_pos': 54.04954558332949,
                      'safe goal_pos': 52.73626373626374}}
WARNING:root:Relative goal position magnitude had to be clamped to be safe.
{   'wrist_flex': {   'original goal_pos': 54.542093756723645,
                      'safe goal_pos': 52.73626373626374}}
WARNING:root:Relative goal position magnitude had to be clamped to be safe.
{   'wrist_flex': {   'original goal_pos': 55.982662123577484,
                      'safe goal_pos': 52.73626373626374}}
WARNING:root:Relative goal position magnitude had to be clamped to be safe.
{   'wrist_flex': {   'original goal_pos': 56.42125964296663,
                      'safe goal_pos': 52.73626373626374}}
WARNING:root:Relative goal position magnitude had to be clamped to be safe.
{   'wrist_flex': {   'original goal_pos': 56.418830731834355,
                      'safe goal_pos': 52.73626373626374}}
WARNING:root:Relative goal position magnitude had to be clamped to be safe.
{   'wrist_flex': {   'original goal_pos': 56.364921334594406,
                      'safe goal_pos': 52.73626373626374}}
WARNING:root:Relative goal position magnitude had to be clamped to be safe.
{   'wrist_flex': {   'original goal_pos': 56.147990324669834,
                      'safe goal_pos': 52.73626373626374}}
WARNING:root:Relative goal position magnitude had to be clamped to be safe.
{   'wrist_flex': {   'original goal_pos': 56.08529992880954,
                      'safe goal_pos': 52.73626373626374}}
WARNING:root:Relative goal position magnitude had to be clamped to be safe.
{   'wrist_flex': {   'original goal_pos': 56.28442351719703,
                      'safe goal_pos': 52.73626373626374}}
WARNING:root:Relative goal position magnitude had to be clamped to be safe.
{   'wrist_flex': {   'original goal_pos': 56.78155395912394,
                      'safe goal_pos': 52.73626373626374}}
WARNING:root:Relative goal position magnitude had to be clamped to be safe.
{   'wrist_flex': {   'original goal_pos': 57.7787873960421,
                      'safe goal_pos': 52.73626373626374}}
WARNING:root:Relative goal position magnitude had to be clamped to be safe.
{   'wrist_flex': {   'original goal_pos': 59.17884535585044,
                      'safe goal_pos': 52.73626373626374}}
WARNING:root:Relative goal position magnitude had to be clamped to be safe.
{   'wrist_flex': {   'original goal_pos': 60.69249574231096,
                      'safe goal_pos': 52.73626373626374}}
WARNING:root:Relative goal position magnitude had to be clamped to be safe.
{   'wrist_flex': {   'original goal_pos': 62.63883032892872,
                      'safe goal_pos': 52.73626373626374}}
WARNING:root:Relative goal position magnitude had to be clamped to be safe.
{   'wrist_flex': {   'original goal_pos': 64.96172817201884,
                      'safe goal_pos': 52.73626373626374}}
WARNING:root:Relative goal position magnitude had to be clamped to be safe.
{   'wrist_flex': {   'original goal_pos': 67.46201871151824,
                      'safe goal_pos': 52.73626373626374}}
WARNING:root:Relative goal position magnitude had to be clamped to be safe.
{   'wrist_flex': {   'original goal_pos': 69.85786056782763,
                      'safe goal_pos': 52.73626373626374}}
WARNING:root:Relative goal position magnitude had to be clamped to be safe.
{   'wrist_flex': {   'original goal_pos': 72.00474114492393,
                      'safe goal_pos': 52.73626373626374}}
WARNING:root:Relative goal position magnitude had to be clamped to be safe.
{   'wrist_flex': {   'original goal_pos': 73.85296822397741,
                      'safe goal_pos': 52.73626373626374}}
WARNING:root:Relative goal position magnitude had to be clamped to be safe.
{   'wrist_flex': {   'original goal_pos': 75.299169195875,
                      'safe goal_pos': 52.73626373626374}}
WARNING:root:Relative goal position magnitude had to be clamped to be safe.
{   'wrist_flex': {   'original goal_pos': 76.61139675771074,
                      'safe goal_pos': 52.73626373626374}}
WARNING:root:Relative goal position magnitude had to be clamped to be safe.
{   'wrist_flex': {   'original goal_pos': 77.47703243141424,
                      'safe goal_pos': 52.73626373626374}}
WARNING:root:Relative goal position magnitude had to be clamped to be safe.
{   'wrist_flex': {   'original goal_pos': 77.7786459908895,
                      'safe goal_pos': 52.73626373626374}}
WARNING:root:Relative goal position magnitude had to be clamped to be safe.
{   'wrist_flex': {   'original goal_pos': 77.66346992308088,
                      'safe goal_pos': 52.73626373626374}}
WARNING:root:Relative goal position magnitude had to be clamped to be safe.
{   'wrist_flex': {   'original goal_pos': 77.33145426083979,
                      'safe goal_pos': 52.73626373626374}}
WARNING:root:Relative goal position magnitude had to be clamped to be safe.
{   'wrist_flex': {   'original goal_pos': 76.77985039096197,
                      'safe goal_pos': 52.73626373626374}}
WARNING:root:Relative goal position magnitude had to be clamped to be safe.
{   'wrist_flex': {   'original goal_pos': 76.17141412107539,
                      'safe goal_pos': 52.73626373626374}}
WARNING:root:Relative goal position magnitude had to be clamped to be safe.
{   'wrist_flex': {   'original goal_pos': 75.61384318554605,
                      'safe goal_pos': 52.73626373626374}}
WARNING:root:Relative goal position magnitude had to be clamped to be safe.
{   'wrist_flex': {   'original goal_pos': 75.27439268550485,
                      'safe goal_pos': 52.73626373626374}}
WARNING:root:Relative goal position magnitude had to be clamped to be safe.
{   'wrist_flex': {   'original goal_pos': 75.43165000544022,
                      'safe goal_pos': 52.73626373626374}}
WARNING:root:Relative goal position magnitude had to be clamped to be safe.
{   'wrist_flex': {   'original goal_pos': 75.41474748382863,
                      'safe goal_pos': 52.73626373626374}}
WARNING:root:Relative goal position magnitude had to be clamped to be safe.
{   'wrist_flex': {   'original goal_pos': 75.20475091169897,
                      'safe goal_pos': 52.73626373626374}}
WARNING:root:Relative goal position magnitude had to be clamped to be safe.
{   'wrist_flex': {   'original goal_pos': 74.95982529034063,
                      'safe goal_pos': 52.73626373626374}}
WARNING:root:Relative goal position magnitude had to be clamped to be safe.
{   'wrist_flex': {   'original goal_pos': 74.59496763526755,
                      'safe goal_pos': 52.73626373626374}}
WARNING:root:Relative goal position magnitude had to be clamped to be safe.
{   'wrist_flex': {   'original goal_pos': 74.16234854348484,
                      'safe goal_pos': 52.73626373626374}}
WARNING:root:Relative goal position magnitude had to be clamped to be safe.
{   'wrist_flex': {   'original goal_pos': 73.69694394392481,
                      'safe goal_pos': 52.73626373626374}}
WARNING:root:Relative goal position magnitude had to be clamped to be safe.
{   'wrist_flex': {   'original goal_pos': 73.32490267636318,
                      'safe goal_pos': 52.73626373626374}}
WARNING:root:Relative goal position magnitude had to be clamped to be safe.
{   'wrist_flex': {   'original goal_pos': 72.86308925719804,
                      'safe goal_pos': 52.73626373626374}}
WARNING:root:Relative goal position magnitude had to be clamped to be safe.
{   'wrist_flex': {   'original goal_pos': 72.38860805086358,
                      'safe goal_pos': 52.73626373626374}}
WARNING:root:Relative goal position magnitude had to be clamped to be safe.
{   'wrist_flex': {   'original goal_pos': 72.12607259432583,
                      'safe goal_pos': 52.73626373626374}}
WARNING:root:Relative goal position magnitude had to be clamped to be safe.
{   'wrist_flex': {   'original goal_pos': 71.96042075066258,
                      'safe goal_pos': 52.73626373626374}}
WARNING:root:Relative goal position magnitude had to be clamped to be safe.
{   'wrist_flex': {   'original goal_pos': 71.77200537404272,
                      'safe goal_pos': 52.73626373626374}}
WARNING:root:Relative goal position magnitude had to be clamped to be safe.
{   'wrist_flex': {   'original goal_pos': 71.62972409436351,
                      'safe goal_pos': 52.73626373626374}}
WARNING:root:Relative goal position magnitude had to be clamped to be safe.
{   'wrist_flex': {   'original goal_pos': 71.45781474594082,
                      'safe goal_pos': 52.73626373626374}}
WARNING:root:Relative goal position magnitude had to be clamped to be safe.
{   'wrist_flex': {   'original goal_pos': 71.17020363826296,
                      'safe goal_pos': 52.73626373626374}}
WARNING:root:Relative goal position magnitude had to be clamped to be safe.
{   'wrist_flex': {   'original goal_pos': 70.72850629671532,
                      'safe goal_pos': 52.73626373626374}}
WARNING:root:Relative goal position magnitude had to be clamped to be safe.
{   'wrist_flex': {   'original goal_pos': 70.55421391603502,
                      'safe goal_pos': 52.73626373626374}}
WARNING:root:Relative goal position magnitude had to be clamped to be safe.
{   'wrist_flex': {   'original goal_pos': 70.42299955883504,
                      'safe goal_pos': 52.73626373626374}}
WARNING:root:Relative goal position magnitude had to be clamped to be safe.
{   'wrist_flex': {   'original goal_pos': 70.23435696844787,
                      'safe goal_pos': 52.73626373626374}}
WARNING:root:Relative goal position magnitude had to be clamped to be safe.
{   'wrist_flex': {   'original goal_pos': 70.03629891239284,
                      'safe goal_pos': 52.73626373626374}}
WARNING:root:Relative goal position magnitude had to be clamped to be safe.
{   'wrist_flex': {   'original goal_pos': 70.05790323268388,
                      'safe goal_pos': 52.73626373626374}}
WARNING:root:Relative goal position magnitude had to be clamped to be safe.
{   'wrist_flex': {   'original goal_pos': 70.33535763970569,
                      'safe goal_pos': 52.73626373626374}}
WARNING:root:Relative goal position magnitude had to be clamped to be safe.
{   'wrist_flex': {   'original goal_pos': 70.78860120088721,
                      'safe goal_pos': 52.73626373626374}}
WARNING:root:Relative goal position magnitude had to be clamped to be safe.
{   'wrist_flex': {   'original goal_pos': 71.47410213548949,
                      'safe goal_pos': 52.73626373626374}}
WARNING:root:Relative goal position magnitude had to be clamped to be safe.
{   'wrist_flex': {   'original goal_pos': 72.15798906909016,
                      'safe goal_pos': 52.73626373626374}}
WARNING:root:Relative goal position magnitude had to be clamped to be safe.
{   'wrist_flex': {   'original goal_pos': 72.754010811805,
                      'safe goal_pos': 52.73626373626374}}
WARNING:root:Relative goal position magnitude had to be clamped to be safe.
{   'wrist_flex': {   'original goal_pos': 73.12830389937932,
                      'safe goal_pos': 52.73626373626374}}
WARNING:root:Relative goal position magnitude had to be clamped to be safe.
{   'wrist_flex': {   'original goal_pos': 73.47280184548364,
                      'safe goal_pos': 52.73626373626374}}
WARNING:root:Relative goal position magnitude had to be clamped to be safe.
{   'wrist_flex': {   'original goal_pos': 73.98985036369017,
                      'safe goal_pos': 52.73626373626374}}
WARNING:root:Relative goal position magnitude had to be clamped to be safe.
{   'wrist_flex': {   'original goal_pos': 74.44280038388263,
                      'safe goal_pos': 52.73626373626374}}
WARNING:root:Relative goal position magnitude had to be clamped to be safe.
{   'wrist_flex': {   'original goal_pos': 74.66085960072974,
                      'safe goal_pos': 52.73626373626374}}
WARNING:root:Relative goal position magnitude had to be clamped to be safe.
{   'wrist_flex': {   'original goal_pos': 74.65676227072626,
                      'safe goal_pos': 52.73626373626374}}
WARNING:root:Relative goal position magnitude had to be clamped to be safe.
{   'wrist_flex': {   'original goal_pos': 74.4617477680471,
                      'safe goal_pos': 52.73626373626374}}
WARNING:root:Relative goal position magnitude had to be clamped to be safe.
{   'wrist_flex': {   'original goal_pos': 74.24447280822605,
                      'safe goal_pos': 52.73626373626374}}
WARNING:root:Relative goal position magnitude had to be clamped to be safe.
{   'wrist_flex': {   'original goal_pos': 74.20175862385821,
                      'safe goal_pos': 52.73626373626374}}
WARNING:root:Relative goal position magnitude had to be clamped to be safe.
{   'wrist_flex': {   'original goal_pos': 74.1367338298605,
                      'safe goal_pos': 52.73626373626374}}
WARNING:root:Relative goal position magnitude had to be clamped to be safe.
{   'wrist_flex': {   'original goal_pos': 74.10129920303841,
                      'safe goal_pos': 52.73626373626374}}
WARNING:root:Relative goal position magnitude had to be clamped to be safe.
{   'wrist_flex': {   'original goal_pos': 74.15144310568898,
                      'safe goal_pos': 52.73626373626374}}
WARNING:root:Relative goal position magnitude had to be clamped to be safe.
{   'wrist_flex': {   'original goal_pos': 74.49105049465624,
                      'safe goal_pos': 52.73626373626374}}
WARNING:root:Relative goal position magnitude had to be clamped to be safe.
{   'wrist_flex': {   'original goal_pos': 74.78977684553502,
                      'safe goal_pos': 52.73626373626374}}
WARNING:root:Relative goal position magnitude had to be clamped to be safe.
{   'wrist_flex': {   'original goal_pos': 74.62659014509495,
                      'safe goal_pos': 52.73626373626374}}
WARNING:root:Relative goal position magnitude had to be clamped to be safe.
{   'wrist_flex': {   'original goal_pos': 73.7260847239111,
                      'safe goal_pos': 52.73626373626374}}
WARNING:root:Relative goal position magnitude had to be clamped to be safe.
{   'wrist_flex': {   'original goal_pos': 72.46788904641706,
                      'safe goal_pos': 52.73626373626374}}
WARNING:root:Relative goal position magnitude had to be clamped to be safe.
{   'wrist_flex': {   'original goal_pos': 71.2987334895796,
                      'safe goal_pos': 52.73626373626374}}
WARNING:root:Relative goal position magnitude had to be clamped to be safe.
{   'wrist_flex': {   'original goal_pos': 69.94516352780927,
                      'safe goal_pos': 52.73626373626374}}
WARNING:root:Relative goal position magnitude had to be clamped to be safe.
{   'wrist_flex': {   'original goal_pos': 68.27249222363146,
                      'safe goal_pos': 52.73626373626374}}
WARNING:root:Relative goal position magnitude had to be clamped to be safe.
{   'wrist_flex': {   'original goal_pos': 66.2461519074058,
                      'safe goal_pos': 52.73626373626374}}
WARNING:root:Relative goal position magnitude had to be clamped to be safe.
{   'wrist_flex': {   'original goal_pos': 64.34201763851287,
                      'safe goal_pos': 52.73626373626374}}
WARNING:root:Relative goal position magnitude had to be clamped to be safe.
{   'wrist_flex': {   'original goal_pos': 62.38557148433899,
                      'safe goal_pos': 52.73626373626374}}
WARNING:root:Relative goal position magnitude had to be clamped to be safe.
{   'wrist_flex': {   'original goal_pos': 60.431446855080594,
                      'safe goal_pos': 52.73626373626374}}
WARNING:root:Relative goal position magnitude had to be clamped to be safe.
{   'wrist_flex': {   'original goal_pos': 58.76445897333836,
                      'safe goal_pos': 52.73626373626374}}
WARNING:root:Relative goal position magnitude had to be clamped to be safe.
{   'wrist_flex': {   'original goal_pos': 56.836809776119956,
                      'safe goal_pos': 52.73626373626374}}
WARNING:root:Relative goal position magnitude had to be clamped to be safe.
{   'wrist_flex': {   'original goal_pos': 55.92962638125944,
                      'safe goal_pos': 52.73626373626374}}
WARNING:root:Relative goal position magnitude had to be clamped to be safe.
{   'wrist_flex': {   'original goal_pos': 55.74808649075452,
                      'safe goal_pos': 52.73626373626374}}
WARNING:root:Relative goal position magnitude had to be clamped to be safe.
{   'wrist_flex': {   'original goal_pos': 55.242802849607216,
                      'safe goal_pos': 52.73626373626374}}
WARNING:root:Relative goal position magnitude had to be clamped to be safe.
{   'wrist_flex': {   'original goal_pos': 55.56205720224129,
                      'safe goal_pos': 52.73626373626374}}
WARNING:root:Relative goal position magnitude had to be clamped to be safe.
{   'wrist_flex': {   'original goal_pos': 55.86245934016824,
                      'safe goal_pos': 52.73626373626374}}
WARNING:root:Relative goal position magnitude had to be clamped to be safe.
{   'wrist_flex': {   'original goal_pos': 55.50762059262854,
                      'safe goal_pos': 52.73626373626374}}
WARNING:root:Relative goal position magnitude had to be clamped to be safe.
{   'wrist_flex': {   'original goal_pos': 55.491225360076484,
                      'safe goal_pos': 52.73626373626374}}
WARNING:root:Relative goal position magnitude had to be clamped to be safe.
{   'wrist_flex': {   'original goal_pos': 55.7905929797022,
                      'safe goal_pos': 52.73626373626374}}
WARNING:root:Relative goal position magnitude had to be clamped to be safe.
{   'wrist_flex': {   'original goal_pos': 55.74165347761723,
                      'safe goal_pos': 52.73626373626374}}
WARNING:root:Relative goal position magnitude had to be clamped to be safe.
{   'wrist_flex': {   'original goal_pos': 55.62216971952456,
                      'safe goal_pos': 52.73626373626374}}
WARNING:root:Relative goal position magnitude had to be clamped to be safe.
{   'wrist_flex': {   'original goal_pos': 55.51000974182937,
                      'safe goal_pos': 52.73626373626374}}
WARNING:root:Relative goal position magnitude had to be clamped to be safe.
{   'wrist_flex': {   'original goal_pos': 55.73989334487048,
                      'safe goal_pos': 52.73626373626374}}
WARNING:root:Relative goal position magnitude had to be clamped to be safe.
{   'wrist_flex': {   'original goal_pos': 56.94078176829883,
                      'safe goal_pos': 52.73626373626374}}
WARNING:root:Relative goal position magnitude had to be clamped to be safe.
{   'wrist_flex': {   'original goal_pos': 59.02351745520944,
                      'safe goal_pos': 52.73626373626374}}
WARNING:root:Relative goal position magnitude had to be clamped to be safe.
{   'wrist_flex': {   'original goal_pos': 61.38099772526677,
                      'safe goal_pos': 52.73626373626374}}
WARNING:root:Relative goal position magnitude had to be clamped to be safe.
{   'wrist_flex': {   'original goal_pos': 63.52801528836041,
                      'safe goal_pos': 52.73626373626374}}
WARNING:root:Relative goal position magnitude had to be clamped to be safe.
{   'wrist_flex': {   'original goal_pos': 65.17861069021967,
                      'safe goal_pos': 52.73626373626374}}
WARNING:root:Relative goal position magnitude had to be clamped to be safe.
{   'wrist_flex': {   'original goal_pos': 66.76014206212199,
                      'safe goal_pos': 52.73626373626374}}
WARNING:root:Relative goal position magnitude had to be clamped to be safe.
{   'wrist_flex': {   'original goal_pos': 68.2574844466278,
                      'safe goal_pos': 52.73626373626374}}
WARNING:root:Relative goal position magnitude had to be clamped to be safe.
{   'wrist_flex': {   'original goal_pos': 69.09850211752459,
                      'safe goal_pos': 52.73626373626374}}
WARNING:root:Relative goal position magnitude had to be clamped to be safe.
{   'wrist_flex': {   'original goal_pos': 69.68951823600756,
                      'safe goal_pos': 52.73626373626374}}
WARNING:root:Relative goal position magnitude had to be clamped to be safe.
{   'wrist_flex': {   'original goal_pos': 70.19257905139067,
                      'safe goal_pos': 52.73626373626374}}
WARNING:root:Relative goal position magnitude had to be clamped to be safe.
{   'wrist_flex': {   'original goal_pos': 70.1927045468471,
                      'safe goal_pos': 52.73626373626374}}
WARNING:root:Relative goal position magnitude had to be clamped to be safe.
{   'wrist_flex': {   'original goal_pos': 69.84158872723512,
                      'safe goal_pos': 52.73626373626374}}
WARNING:root:Relative goal position magnitude had to be clamped to be safe.
{   'wrist_flex': {   'original goal_pos': 69.45711289109511,
                      'safe goal_pos': 52.73626373626374}}
WARNING:root:Relative goal position magnitude had to be clamped to be safe.
{   'wrist_flex': {   'original goal_pos': 69.16581054832764,
                      'safe goal_pos': 52.73626373626374}}
WARNING:root:Relative goal position magnitude had to be clamped to be safe.
{   'wrist_flex': {   'original goal_pos': 68.72546583525394,
                      'safe goal_pos': 52.73626373626374}}
WARNING:root:Relative goal position magnitude had to be clamped to be safe.
{   'wrist_flex': {   'original goal_pos': 67.88245936970121,
                      'safe goal_pos': 52.73626373626374}}
WARNING:root:Relative goal position magnitude had to be clamped to be safe.
{   'wrist_flex': {   'original goal_pos': 67.19354158488822,
                      'safe goal_pos': 52.73626373626374}}
WARNING:root:Relative goal position magnitude had to be clamped to be safe.
{   'wrist_flex': {   'original goal_pos': 66.70725032397948,
                      'safe goal_pos': 52.73626373626374}}
WARNING:root:Relative goal position magnitude had to be clamped to be safe.
{   'wrist_flex': {   'original goal_pos': 66.2068730820345,
                      'safe goal_pos': 52.73626373626374}}
WARNING:root:Relative goal position magnitude had to be clamped to be safe.
{   'wrist_flex': {   'original goal_pos': 65.75959624946418,
                      'safe goal_pos': 52.73626373626374}}
WARNING:root:Relative goal position magnitude had to be clamped to be safe.
{   'wrist_flex': {   'original goal_pos': 65.38853029539099,
                      'safe goal_pos': 52.73626373626374}}
WARNING:root:Relative goal position magnitude had to be clamped to be safe.
{   'wrist_flex': {   'original goal_pos': 64.66842422263453,
                      'safe goal_pos': 52.73626373626374}}
WARNING:root:Relative goal position magnitude had to be clamped to be safe.
{   'wrist_flex': {   'original goal_pos': 63.52345647692037,
                      'safe goal_pos': 52.73626373626374}}
WARNING:root:Relative goal position magnitude had to be clamped to be safe.
{   'wrist_flex': {   'original goal_pos': 62.18706459072001,
                      'safe goal_pos': 52.73626373626374}}
WARNING:root:Relative goal position magnitude had to be clamped to be safe.
{   'wrist_flex': {   'original goal_pos': 60.82993789229296,
                      'safe goal_pos': 52.73626373626374}}
WARNING:root:Relative goal position magnitude had to be clamped to be safe.
{   'wrist_flex': {   'original goal_pos': 59.90682464390696,
                      'safe goal_pos': 52.73626373626374}}
WARNING:root:Relative goal position magnitude had to be clamped to be safe.
{   'wrist_flex': {   'original goal_pos': 59.42154552023593,
                      'safe goal_pos': 52.73626373626374}}
WARNING:root:Relative goal position magnitude had to be clamped to be safe.
{   'wrist_flex': {   'original goal_pos': 59.411558572614865,
                      'safe goal_pos': 52.73626373626374}}
WARNING:root:Relative goal position magnitude had to be clamped to be safe.
{   'wrist_flex': {   'original goal_pos': 59.870407182321564,
                      'safe goal_pos': 52.73626373626374}}
WARNING:root:Relative goal position magnitude had to be clamped to be safe.
{   'wrist_flex': {   'original goal_pos': 60.651814550785055,
                      'safe goal_pos': 52.73626373626374}}
WARNING:root:Relative goal position magnitude had to be clamped to be safe.
{   'wrist_flex': {   'original goal_pos': 61.32857017937026,
                      'safe goal_pos': 52.73626373626374}}
WARNING:root:Relative goal position magnitude had to be clamped to be safe.
{   'wrist_flex': {   'original goal_pos': 61.822150003449565,
                      'safe goal_pos': 52.73626373626374}}
WARNING:root:Relative goal position magnitude had to be clamped to be safe.
{   'wrist_flex': {   'original goal_pos': 62.4211427493268,
                      'safe goal_pos': 52.73626373626374}}
WARNING:root:Relative goal position magnitude had to be clamped to be safe.
{   'wrist_flex': {   'original goal_pos': 62.54517998232907,
                      'safe goal_pos': 52.73626373626374}}
WARNING:root:Relative goal position magnitude had to be clamped to be safe.
{   'wrist_flex': {   'original goal_pos': 62.004197316693265,
                      'safe goal_pos': 52.73626373626374}}
WARNING:root:Relative goal position magnitude had to be clamped to be safe.
{   'wrist_flex': {   'original goal_pos': 61.7505647930521,
                      'safe goal_pos': 52.73626373626374}}
WARNING:root:Relative goal position magnitude had to be clamped to be safe.
{   'wrist_flex': {   'original goal_pos': 62.21518275206764,
                      'safe goal_pos': 52.73626373626374}}
WARNING:root:Relative goal position magnitude had to be clamped to be safe.
{   'wrist_flex': {   'original goal_pos': 62.70141167654495,
                      'safe goal_pos': 52.73626373626374}}
WARNING:root:Relative goal position magnitude had to be clamped to be safe.
{   'wrist_flex': {   'original goal_pos': 62.57305438779175,
                      'safe goal_pos': 52.73626373626374}}
WARNING:root:Relative goal position magnitude had to be clamped to be safe.
{   'wrist_flex': {   'original goal_pos': 62.2034002387402,
                      'safe goal_pos': 52.73626373626374}}
WARNING:root:Relative goal position magnitude had to be clamped to be safe.
{   'wrist_flex': {   'original goal_pos': 61.286723610328394,
                      'safe goal_pos': 52.73626373626374}}
WARNING:root:Relative goal position magnitude had to be clamped to be safe.
{   'wrist_flex': {   'original goal_pos': 59.688765010080694,
                      'safe goal_pos': 52.73626373626374}}
WARNING:root:Relative goal position magnitude had to be clamped to be safe.
{   'wrist_flex': {   'original goal_pos': 58.437996158470646,
                      'safe goal_pos': 52.73626373626374}}
WARNING:root:Relative goal position magnitude had to be clamped to be safe.
{   'wrist_flex': {   'original goal_pos': 57.93752847053187,
                      'safe goal_pos': 52.73626373626374}}
WARNING:root:Relative goal position magnitude had to be clamped to be safe.
{   'wrist_flex': {   'original goal_pos': 57.718576968853604,
                      'safe goal_pos': 52.73626373626374}}
WARNING:root:Relative goal position magnitude had to be clamped to be safe.
{   'wrist_flex': {   'original goal_pos': 57.713283511551616,
                      'safe goal_pos': 52.73626373626374}}
WARNING:root:Relative goal position magnitude had to be clamped to be safe.
{   'wrist_flex': {   'original goal_pos': 58.4684351524966,
                      'safe goal_pos': 52.73626373626374}}
WARNING:root:Relative goal position magnitude had to be clamped to be safe.
{   'wrist_flex': {   'original goal_pos': 59.84629645043106,
                      'safe goal_pos': 52.73626373626374}}
WARNING:root:Relative goal position magnitude had to be clamped to be safe.
{   'wrist_flex': {   'original goal_pos': 61.157847851191434,
                      'safe goal_pos': 52.73626373626374}}
WARNING:root:Relative goal position magnitude had to be clamped to be safe.
{   'wrist_flex': {   'original goal_pos': 61.8868223397598,
                      'safe goal_pos': 52.73626373626374}}
WARNING:root:Relative goal position magnitude had to be clamped to be safe.
{   'wrist_flex': {   'original goal_pos': 61.37903221597116,
                      'safe goal_pos': 52.73626373626374}}
WARNING:root:Relative goal position magnitude had to be clamped to be safe.
{   'wrist_flex': {   'original goal_pos': 59.71429563733774,
                      'safe goal_pos': 52.73626373626374}}
WARNING:root:Relative goal position magnitude had to be clamped to be safe.
{   'wrist_flex': {   'original goal_pos': 58.04835496604697,
                      'safe goal_pos': 52.73626373626374}}
WARNING:root:Relative goal position magnitude had to be clamped to be safe.
{   'wrist_flex': {   'original goal_pos': 56.72362000256517,
                      'safe goal_pos': 52.73626373626374}}
WARNING:root:Relative goal position magnitude had to be clamped to be safe.
{   'wrist_flex': {   'original goal_pos': 56.16950483040702,
                      'safe goal_pos': 52.73626373626374}}
WARNING:root:Relative goal position magnitude had to be clamped to be safe.
{   'wrist_flex': {   'original goal_pos': 57.17662640485774,
                      'safe goal_pos': 52.73626373626374}}
WARNING:root:Relative goal position magnitude had to be clamped to be safe.
{   'wrist_flex': {   'original goal_pos': 60.29279160234169,
                      'safe goal_pos': 52.73626373626374}}
WARNING:root:Relative goal position magnitude had to be clamped to be safe.
{   'wrist_flex': {   'original goal_pos': 64.19734176093321,
                      'safe goal_pos': 52.73626373626374}}
WARNING:root:Relative goal position magnitude had to be clamped to be safe.
{   'wrist_flex': {   'original goal_pos': 67.29499553214552,
                      'safe goal_pos': 52.73626373626374}}
WARNING:root:Relative goal position magnitude had to be clamped to be safe.
{   'wrist_flex': {   'original goal_pos': 68.7567888976704,
                      'safe goal_pos': 52.73626373626374}}
WARNING:root:Relative goal position magnitude had to be clamped to be safe.
{   'wrist_flex': {   'original goal_pos': 69.32046701732986,
                      'safe goal_pos': 52.73626373626374}}
WARNING:root:Relative goal position magnitude had to be clamped to be safe.
{   'wrist_flex': {   'original goal_pos': 70.01018890605674,
                      'safe goal_pos': 52.73626373626374}}
WARNING:root:Relative goal position magnitude had to be clamped to be safe.
{   'wrist_flex': {   'original goal_pos': 70.27479761775061,
                      'safe goal_pos': 52.73626373626374}}
WARNING:root:Relative goal position magnitude had to be clamped to be safe.
{   'wrist_flex': {   'original goal_pos': 70.12542043538781,
                      'safe goal_pos': 52.73626373626374}}
WARNING:root:Relative goal position magnitude had to be clamped to be safe.
{   'wrist_flex': {   'original goal_pos': 69.75547697925904,
                      'safe goal_pos': 52.73626373626374}}
WARNING:root:Relative goal position magnitude had to be clamped to be safe.
{   'wrist_flex': {   'original goal_pos': 69.1907118679466,
                      'safe goal_pos': 52.73626373626374}}
WARNING:root:Relative goal position magnitude had to be clamped to be safe.
{   'wrist_flex': {   'original goal_pos': 68.70637140595188,
                      'safe goal_pos': 52.73626373626374}}
WARNING:root:Relative goal position magnitude had to be clamped to be safe.
{   'wrist_flex': {   'original goal_pos': 68.43264831397846,
                      'safe goal_pos': 52.73626373626374}}
WARNING:root:Relative goal position magnitude had to be clamped to be safe.
{   'wrist_flex': {   'original goal_pos': 68.09819426298091,
                      'safe goal_pos': 52.73626373626374}}
WARNING:root:Relative goal position magnitude had to be clamped to be safe.
{   'wrist_flex': {   'original goal_pos': 67.66379053329999,
                      'safe goal_pos': 52.73626373626374}}
WARNING:root:Relative goal position magnitude had to be clamped to be safe.
{   'wrist_flex': {   'original goal_pos': 67.21286797094228,
                      'safe goal_pos': 52.73626373626374}}
WARNING:root:Relative goal position magnitude had to be clamped to be safe.
{   'wrist_flex': {   'original goal_pos': 66.66581222119572,
                      'safe goal_pos': 52.73626373626374}}
WARNING:root:Relative goal position magnitude had to be clamped to be safe.
{   'wrist_flex': {   'original goal_pos': 66.10503263540548,
                      'safe goal_pos': 52.73626373626374}}
WARNING:root:Relative goal position magnitude had to be clamped to be safe.
{   'wrist_flex': {   'original goal_pos': 65.66396493019916,
                      'safe goal_pos': 52.73626373626374}}
WARNING:root:Relative goal position magnitude had to be clamped to be safe.
{   'wrist_flex': {   'original goal_pos': 65.43072617838735,
                      'safe goal_pos': 52.73626373626374}}
WARNING:root:Relative goal position magnitude had to be clamped to be safe.
{   'wrist_flex': {   'original goal_pos': 65.2374112985763,
                      'safe goal_pos': 52.73626373626374}}
WARNING:root:Relative goal position magnitude had to be clamped to be safe.
{   'wrist_flex': {   'original goal_pos': 64.93303271312817,
                      'safe goal_pos': 52.73626373626374}}
WARNING:root:Relative goal position magnitude had to be clamped to be safe.
{   'wrist_flex': {   'original goal_pos': 64.39047301896332,
                      'safe goal_pos': 52.73626373626374}}
WARNING:root:Relative goal position magnitude had to be clamped to be safe.
{   'wrist_flex': {   'original goal_pos': 64.1790308393232,
                      'safe goal_pos': 52.73626373626374}}
WARNING:root:Relative goal position magnitude had to be clamped to be safe.
{   'wrist_flex': {   'original goal_pos': 64.52984887830993,
                      'safe goal_pos': 52.73626373626374}}
WARNING:root:Relative goal position magnitude had to be clamped to be safe.
{   'wrist_flex': {   'original goal_pos': 65.32458861598224,
                      'safe goal_pos': 52.73626373626374}}
WARNING:root:Relative goal position magnitude had to be clamped to be safe.
{   'wrist_flex': {   'original goal_pos': 66.46877584292459,
                      'safe goal_pos': 52.73626373626374}}
WARNING:root:Relative goal position magnitude had to be clamped to be safe.
{   'wrist_flex': {   'original goal_pos': 67.10605626758456,
                      'safe goal_pos': 52.73626373626374}}
WARNING:root:Relative goal position magnitude had to be clamped to be safe.
{   'wrist_flex': {   'original goal_pos': 67.42878527411297,
                      'safe goal_pos': 52.73626373626374}}
WARNING:root:Relative goal position magnitude had to be clamped to be safe.
{   'wrist_flex': {   'original goal_pos': 68.22615661523082,
                      'safe goal_pos': 52.73626373626374}}
WARNING:root:Relative goal position magnitude had to be clamped to be safe.
{   'wrist_flex': {   'original goal_pos': 68.33342615748377,
                      'safe goal_pos': 52.73626373626374}}
WARNING:root:Relative goal position magnitude had to be clamped to be safe.
{   'wrist_flex': {   'original goal_pos': 67.66711281466785,
                      'safe goal_pos': 52.73626373626374}}
WARNING:root:Relative goal position magnitude had to be clamped to be safe.
{   'wrist_flex': {   'original goal_pos': 67.50268453735845,
                      'safe goal_pos': 52.73626373626374}}
WARNING:root:Relative goal position magnitude had to be clamped to be safe.
{   'wrist_flex': {   'original goal_pos': 67.57229469462865,
                      'safe goal_pos': 52.73626373626374}}
WARNING:root:Relative goal position magnitude had to be clamped to be safe.
{   'wrist_flex': {   'original goal_pos': 67.43542595363233,
                      'safe goal_pos': 52.73626373626374}}
WARNING:root:Relative goal position magnitude had to be clamped to be safe.
{   'wrist_flex': {   'original goal_pos': 67.53748642935949,
                      'safe goal_pos': 52.73626373626374}}
WARNING:root:Relative goal position magnitude had to be clamped to be safe.
{   'wrist_flex': {   'original goal_pos': 67.82656746323165,
                      'safe goal_pos': 52.73626373626374}}
WARNING:root:Relative goal position magnitude had to be clamped to be safe.
{   'wrist_flex': {   'original goal_pos': 68.19440354477823,
                      'safe goal_pos': 52.73626373626374}}
WARNING:root:Relative goal position magnitude had to be clamped to be safe.
{   'wrist_flex': {   'original goal_pos': 68.38480017924132,
                      'safe goal_pos': 52.73626373626374}}
WARNING:root:Relative goal position magnitude had to be clamped to be safe.
{   'wrist_flex': {   'original goal_pos': 68.4308575261901,
                      'safe goal_pos': 52.73626373626374}}
WARNING:root:Relative goal position magnitude had to be clamped to be safe.
{   'wrist_flex': {   'original goal_pos': 68.58888752891461,
                      'safe goal_pos': 52.73626373626374}}
WARNING:root:Relative goal position magnitude had to be clamped to be safe.
{   'wrist_flex': {   'original goal_pos': 68.74262042443817,
                      'safe goal_pos': 52.73626373626374}}
WARNING:root:Relative goal position magnitude had to be clamped to be safe.
{   'wrist_flex': {   'original goal_pos': 68.45783430544341,
                      'safe goal_pos': 52.73626373626374}}
WARNING:root:Relative goal position magnitude had to be clamped to be safe.
{   'wrist_flex': {   'original goal_pos': 67.79269861547843,
                      'safe goal_pos': 52.73626373626374}}
WARNING:root:Relative goal position magnitude had to be clamped to be safe.
{   'wrist_flex': {   'original goal_pos': 67.7917005102414,
                      'safe goal_pos': 52.73626373626374}}
WARNING:root:Relative goal position magnitude had to be clamped to be safe.
{   'wrist_flex': {   'original goal_pos': 68.10818041606296,
                      'safe goal_pos': 52.73626373626374}}
WARNING:root:Relative goal position magnitude had to be clamped to be safe.
{   'wrist_flex': {   'original goal_pos': 68.33596514499098,
                      'safe goal_pos': 52.73626373626374}}
WARNING:root:Relative goal position magnitude had to be clamped to be safe.
{   'wrist_flex': {   'original goal_pos': 68.8417337129066,
                      'safe goal_pos': 52.73626373626374}}
WARNING:root:Relative goal position magnitude had to be clamped to be safe.
{   'wrist_flex': {   'original goal_pos': 69.49427862844365,
                      'safe goal_pos': 52.73626373626374}}
WARNING:root:Relative goal position magnitude had to be clamped to be safe.
{   'wrist_flex': {   'original goal_pos': 70.24884801631495,
                      'safe goal_pos': 52.73626373626374}}
WARNING:root:Relative goal position magnitude had to be clamped to be safe.
{   'wrist_flex': {   'original goal_pos': 71.09107640586292,
                      'safe goal_pos': 52.73626373626374}}
WARNING:root:Relative goal position magnitude had to be clamped to be safe.
{   'wrist_flex': {   'original goal_pos': 72.09347068008948,
                      'safe goal_pos': 52.73626373626374}}
WARNING:root:Relative goal position magnitude had to be clamped to be safe.
{   'wrist_flex': {   'original goal_pos': 72.51493878351843,
                      'safe goal_pos': 52.73626373626374}}
WARNING:root:Relative goal position magnitude had to be clamped to be safe.
{   'wrist_flex': {   'original goal_pos': 73.26794049347671,
                      'safe goal_pos': 52.73626373626374}}
WARNING:root:Relative goal position magnitude had to be clamped to be safe.
{   'wrist_flex': {   'original goal_pos': 74.17963398481658,
                      'safe goal_pos': 52.73626373626374}}
WARNING:root:Relative goal position magnitude had to be clamped to be safe.
{   'wrist_flex': {   'original goal_pos': 74.71484754729224,
                      'safe goal_pos': 52.73626373626374}}
WARNING:root:Relative goal position magnitude had to be clamped to be safe.
{   'wrist_flex': {   'original goal_pos': 75.12347339178655,
                      'safe goal_pos': 52.73626373626374}}
WARNING:root:Relative goal position magnitude had to be clamped to be safe.
{   'wrist_flex': {   'original goal_pos': 74.67942927256642,
                      'safe goal_pos': 52.73626373626374}}
WARNING:root:Relative goal position magnitude had to be clamped to be safe.
{   'wrist_flex': {   'original goal_pos': 73.87110380148937,
                      'safe goal_pos': 52.73626373626374}}
WARNING:root:Relative goal position magnitude had to be clamped to be safe.
{   'wrist_flex': {   'original goal_pos': 73.51880556023845,
                      'safe goal_pos': 52.73626373626374}}
WARNING:root:Relative goal position magnitude had to be clamped to be safe.
{   'wrist_flex': {   'original goal_pos': 71.62169704797451,
                      'safe goal_pos': 52.73626373626374}}
WARNING:root:Relative goal position magnitude had to be clamped to be safe.
{   'wrist_flex': {   'original goal_pos': 70.92335741866022,
                      'safe goal_pos': 52.73626373626374}}
WARNING:root:Relative goal position magnitude had to be clamped to be safe.
{   'wrist_flex': {   'original goal_pos': 73.07915889653879,
                      'safe goal_pos': 52.73626373626374}}
WARNING:root:Relative goal position magnitude had to be clamped to be safe.
{   'wrist_flex': {   'original goal_pos': 74.36268744468957,
                      'safe goal_pos': 52.73626373626374}}
WARNING:root:Relative goal position magnitude had to be clamped to be safe.
{   'wrist_flex': {   'original goal_pos': 73.36569705683154,
                      'safe goal_pos': 52.73626373626374}}
WARNING:root:Relative goal position magnitude had to be clamped to be safe.
{   'wrist_flex': {   'original goal_pos': 72.7726783821231,
                      'safe goal_pos': 52.73626373626374}}
WARNING:root:Relative goal position magnitude had to be clamped to be safe.
{   'wrist_flex': {   'original goal_pos': 73.35870554265804,
                      'safe goal_pos': 52.73626373626374}}
WARNING:root:Relative goal position magnitude had to be clamped to be safe.
{   'wrist_flex': {   'original goal_pos': 74.02659656155521,
                      'safe goal_pos': 52.73626373626374}}
WARNING:root:Relative goal position magnitude had to be clamped to be safe.
{   'wrist_flex': {   'original goal_pos': 74.56523686683423,
                      'safe goal_pos': 52.73626373626374}}
WARNING:root:Relative goal position magnitude had to be clamped to be safe.
{   'wrist_flex': {   'original goal_pos': 75.42646838803483,
                      'safe goal_pos': 52.73626373626374}}
WARNING:root:Relative goal position magnitude had to be clamped to be safe.
{   'wrist_flex': {   'original goal_pos': 77.00866548863465,
                      'safe goal_pos': 52.73626373626374}}
WARNING:root:Relative goal position magnitude had to be clamped to be safe.
{   'wrist_flex': {   'original goal_pos': 79.22422938606643,
                      'safe goal_pos': 52.73626373626374}}
WARNING:root:Relative goal position magnitude had to be clamped to be safe.
{   'wrist_flex': {   'original goal_pos': 80.85961706531297,
                      'safe goal_pos': 52.73626373626374}}
WARNING:root:Relative goal position magnitude had to be clamped to be safe.
{   'wrist_flex': {   'original goal_pos': 81.07821782827432,
                      'safe goal_pos': 52.73626373626374}}
WARNING:root:Relative goal position magnitude had to be clamped to be safe.
{   'wrist_flex': {   'original goal_pos': 80.6563639491095,
                      'safe goal_pos': 52.73626373626374}}
WARNING:root:Relative goal position magnitude had to be clamped to be safe.
{   'wrist_flex': {   'original goal_pos': 79.43634123895652,
                      'safe goal_pos': 52.73626373626374}}
WARNING:root:Relative goal position magnitude had to be clamped to be safe.
{   'wrist_flex': {   'original goal_pos': 78.1421099070296,
                      'safe goal_pos': 52.73626373626374}}
WARNING:root:Relative goal position magnitude had to be clamped to be safe.
{   'wrist_flex': {   'original goal_pos': 76.4187874643973,
                      'safe goal_pos': 52.73626373626374}}
WARNING:root:Relative goal position magnitude had to be clamped to be safe.
{   'wrist_flex': {   'original goal_pos': 73.95956173407988,
                      'safe goal_pos': 52.73626373626374}}
WARNING:root:Relative goal position magnitude had to be clamped to be safe.
{   'wrist_flex': {   'original goal_pos': 71.29365115142672,
                      'safe goal_pos': 52.73626373626374}}
WARNING:root:Relative goal position magnitude had to be clamped to be safe.
{   'wrist_flex': {   'original goal_pos': 68.62351572797134,
                      'safe goal_pos': 52.73626373626374}}
WARNING:root:Relative goal position magnitude had to be clamped to be safe.
{   'wrist_flex': {   'original goal_pos': 65.97067672801413,
                      'safe goal_pos': 52.73626373626374}}
WARNING:root:Relative goal position magnitude had to be clamped to be safe.
{   'wrist_flex': {   'original goal_pos': 63.52745417706724,
                      'safe goal_pos': 52.73626373626374}}
WARNING:root:Relative goal position magnitude had to be clamped to be safe.
{   'wrist_flex': {   'original goal_pos': 61.37649776201075,
                      'safe goal_pos': 52.73626373626374}}
WARNING:root:Relative goal position magnitude had to be clamped to be safe.
{   'wrist_flex': {   'original goal_pos': 59.357340214515794,
                      'safe goal_pos': 52.73626373626374}}
WARNING:root:Relative goal position magnitude had to be clamped to be safe.
{   'wrist_flex': {   'original goal_pos': 57.56371347220776,
                      'safe goal_pos': 52.73626373626374}}
WARNING:root:Relative goal position magnitude had to be clamped to be safe.
{   'wrist_flex': {   'original goal_pos': 56.44295479492178,
                      'safe goal_pos': 52.73626373626374}}
WARNING:root:Relative goal position magnitude had to be clamped to be safe.
{   'wrist_flex': {   'original goal_pos': 56.26544703096905,
                      'safe goal_pos': 52.73626373626374}}
WARNING:root:Relative goal position magnitude had to be clamped to be safe.
{   'wrist_flex': {   'original goal_pos': 56.584407591629,
                      'safe goal_pos': 52.73626373626374}}
WARNING:root:Relative goal position magnitude had to be clamped to be safe.
{   'wrist_flex': {   'original goal_pos': 57.44906196359803,
                      'safe goal_pos': 52.73626373626374}}
WARNING:root:Relative goal position magnitude had to be clamped to be safe.
{   'wrist_flex': {   'original goal_pos': 58.636682734632835,
                      'safe goal_pos': 52.73626373626374}}
WARNING:root:Relative goal position magnitude had to be clamped to be safe.
{   'wrist_flex': {   'original goal_pos': 59.560246533658926,
                      'safe goal_pos': 52.73626373626374}}
WARNING:root:Relative goal position magnitude had to be clamped to be safe.
{   'wrist_flex': {   'original goal_pos': 60.390380634165076,
                      'safe goal_pos': 52.73626373626374}}
WARNING:root:Relative goal position magnitude had to be clamped to be safe.
{   'wrist_flex': {   'original goal_pos': 61.14777983924926,
                      'safe goal_pos': 52.73626373626374}}
WARNING:root:Relative goal position magnitude had to be clamped to be safe.
{   'wrist_flex': {   'original goal_pos': 61.58315599641364,
                      'safe goal_pos': 52.73626373626374}}
WARNING:root:Relative goal position magnitude had to be clamped to be safe.
{   'wrist_flex': {   'original goal_pos': 61.73901795109935,
                      'safe goal_pos': 52.73626373626374}}
WARNING:root:Relative goal position magnitude had to be clamped to be safe.
{   'wrist_flex': {   'original goal_pos': 61.71749985206961,
                      'safe goal_pos': 52.73626373626374}}
WARNING:root:Relative goal position magnitude had to be clamped to be safe.
{   'wrist_flex': {   'original goal_pos': 61.529397671074285,
                      'safe goal_pos': 52.73626373626374}}
WARNING:root:Relative goal position magnitude had to be clamped to be safe.
{   'wrist_flex': {   'original goal_pos': 61.209021991297305,
                      'safe goal_pos': 52.73626373626374}}
WARNING:root:Relative goal position magnitude had to be clamped to be safe.
{   'wrist_flex': {   'original goal_pos': 60.78704103565545,
                      'safe goal_pos': 52.73626373626374}}
WARNING:root:Relative goal position magnitude had to be clamped to be safe.
{   'wrist_flex': {   'original goal_pos': 60.22766207166385,
                      'safe goal_pos': 52.73626373626374}}
WARNING:root:Relative goal position magnitude had to be clamped to be safe.
{   'wrist_flex': {   'original goal_pos': 59.74440878927456,
                      'safe goal_pos': 52.73626373626374}}
WARNING:root:Relative goal position magnitude had to be clamped to be safe.
{   'wrist_flex': {   'original goal_pos': 59.42727202932729,
                      'safe goal_pos': 52.73626373626374}}
WARNING:root:Relative goal position magnitude had to be clamped to be safe.
{   'wrist_flex': {   'original goal_pos': 59.354052494773626,
                      'safe goal_pos': 52.73626373626374}}
WARNING:root:Relative goal position magnitude had to be clamped to be safe.
{   'wrist_flex': {   'original goal_pos': 59.40324707154732,
                      'safe goal_pos': 52.73626373626374}}
WARNING:root:Relative goal position magnitude had to be clamped to be safe.
{   'wrist_flex': {   'original goal_pos': 59.548178143827144,
                      'safe goal_pos': 52.73626373626374}}
WARNING:root:Relative goal position magnitude had to be clamped to be safe.
{   'wrist_flex': {   'original goal_pos': 59.77533705494757,
                      'safe goal_pos': 52.73626373626374}}
WARNING:root:Relative goal position magnitude had to be clamped to be safe.
{   'wrist_flex': {   'original goal_pos': 60.101201873157514,
                      'safe goal_pos': 52.73626373626374}}
WARNING:root:Relative goal position magnitude had to be clamped to be safe.
{   'wrist_flex': {   'original goal_pos': 60.49464926987877,
                      'safe goal_pos': 52.73626373626374}}
WARNING:root:Relative goal position magnitude had to be clamped to be safe.
{   'wrist_flex': {   'original goal_pos': 60.74899630118675,
                      'safe goal_pos': 52.73626373626374}}
WARNING:root:Relative goal position magnitude had to be clamped to be safe.
{   'wrist_flex': {   'original goal_pos': 60.95087219263117,
                      'safe goal_pos': 52.73626373626374}}
WARNING:root:Relative goal position magnitude had to be clamped to be safe.
{   'wrist_flex': {   'original goal_pos': 61.23904986032089,
                      'safe goal_pos': 52.73626373626374}}
WARNING:root:Relative goal position magnitude had to be clamped to be safe.
{   'wrist_flex': {   'original goal_pos': 61.53676240204868,
                      'safe goal_pos': 52.73626373626374}}
WARNING:root:Relative goal position magnitude had to be clamped to be safe.
{   'wrist_flex': {   'original goal_pos': 61.801055796342546,
                      'safe goal_pos': 52.73626373626374}}
WARNING:root:Relative goal position magnitude had to be clamped to be safe.
{   'wrist_flex': {   'original goal_pos': 62.04823788651623,
                      'safe goal_pos': 52.73626373626374}}
WARNING:root:Relative goal position magnitude had to be clamped to be safe.
{   'wrist_flex': {   'original goal_pos': 62.19996174764274,
                      'safe goal_pos': 52.73626373626374}}
WARNING:root:Relative goal position magnitude had to be clamped to be safe.
{   'wrist_flex': {   'original goal_pos': 62.15255253741092,
                      'safe goal_pos': 52.73626373626374}}
WARNING:root:Relative goal position magnitude had to be clamped to be safe.
{   'wrist_flex': {   'original goal_pos': 62.11791421751356,
                      'safe goal_pos': 52.73626373626374}}
WARNING:root:Relative goal position magnitude had to be clamped to be safe.
{   'wrist_flex': {   'original goal_pos': 62.13595244544397,
                      'safe goal_pos': 52.73626373626374}}
WARNING:root:Relative goal position magnitude had to be clamped to be safe.
{   'wrist_flex': {   'original goal_pos': 62.10137986095576,
                      'safe goal_pos': 52.73626373626374}}
WARNING:root:Relative goal position magnitude had to be clamped to be safe.
{   'wrist_flex': {   'original goal_pos': 62.35120013207383,
                      'safe goal_pos': 52.73626373626374}}
WARNING:root:Relative goal position magnitude had to be clamped to be safe.
{   'wrist_flex': {   'original goal_pos': 62.63836612274848,
                      'safe goal_pos': 52.73626373626374}}
WARNING:root:Relative goal position magnitude had to be clamped to be safe.
{   'wrist_flex': {   'original goal_pos': 62.861104286768345,
                      'safe goal_pos': 52.73626373626374}}
WARNING:root:Relative goal position magnitude had to be clamped to be safe.
{   'wrist_flex': {   'original goal_pos': 63.12270793253995,
                      'safe goal_pos': 52.73626373626374}}
WARNING:root:Relative goal position magnitude had to be clamped to be safe.
{   'wrist_flex': {   'original goal_pos': 63.099515152566326,
                      'safe goal_pos': 52.73626373626374}}
WARNING:root:Relative goal position magnitude had to be clamped to be safe.
{   'wrist_flex': {   'original goal_pos': 62.6761012389322,
                      'safe goal_pos': 52.73626373626374}}
WARNING:root:Relative goal position magnitude had to be clamped to be safe.
{   'wrist_flex': {   'original goal_pos': 62.13056795475958,
                      'safe goal_pos': 52.73626373626374}}
WARNING:root:Relative goal position magnitude had to be clamped to be safe.
{   'wrist_flex': {   'original goal_pos': 61.43809566876627,
                      'safe goal_pos': 52.73626373626374}}
WARNING:root:Relative goal position magnitude had to be clamped to be safe.
{   'wrist_flex': {   'original goal_pos': 60.67727191168358,
                      'safe goal_pos': 52.73626373626374}}
WARNING:root:Relative goal position magnitude had to be clamped to be safe.
{   'wrist_flex': {   'original goal_pos': 59.91363095576827,
                      'safe goal_pos': 52.73626373626374}}
WARNING:root:Relative goal position magnitude had to be clamped to be safe.
{   'wrist_flex': {   'original goal_pos': 59.118840988090575,
                      'safe goal_pos': 52.73626373626374}}
WARNING:root:Relative goal position magnitude had to be clamped to be safe.
{   'wrist_flex': {   'original goal_pos': 58.2834251379358,
                      'safe goal_pos': 52.73626373626374}}
WARNING:root:Relative goal position magnitude had to be clamped to be safe.
{   'wrist_flex': {   'original goal_pos': 57.4068645034536,
                      'safe goal_pos': 52.73626373626374}}
WARNING:root:Relative goal position magnitude had to be clamped to be safe.
{   'wrist_flex': {   'original goal_pos': 56.681874118406064,
                      'safe goal_pos': 52.73626373626374}}
WARNING:root:Relative goal position magnitude had to be clamped to be safe.
{   'wrist_flex': {   'original goal_pos': 56.09439416073782,
                      'safe goal_pos': 52.73626373626374}}
WARNING:root:Relative goal position magnitude had to be clamped to be safe.
{   'wrist_flex': {   'original goal_pos': 55.62483377256946,
                      'safe goal_pos': 52.73626373626374}}
WARNING:root:Relative goal position magnitude had to be clamped to be safe.
{   'wrist_flex': {   'original goal_pos': 55.31482572466976,
                      'safe goal_pos': 52.73626373626374}}
WARNING:root:Relative goal position magnitude had to be clamped to be safe.
{   'wrist_flex': {   'original goal_pos': 55.23018464683905,
                      'safe goal_pos': 52.73626373626374}}
WARNING:root:Relative goal position magnitude had to be clamped to be safe.
{   'wrist_flex': {   'original goal_pos': 55.01561313316763,
                      'safe goal_pos': 52.73626373626374}}
WARNING:root:Relative goal position magnitude had to be clamped to be safe.
{   'wrist_flex': {   'original goal_pos': 54.540629490080306,
                      'safe goal_pos': 52.73626373626374}}
WARNING:root:Relative goal position magnitude had to be clamped to be safe.
{   'wrist_flex': {   'original goal_pos': 54.63287607401913,
                      'safe goal_pos': 52.73626373626374}}
WARNING:root:Relative goal position magnitude had to be clamped to be safe.
{   'wrist_flex': {   'original goal_pos': 55.96221136818501,
                      'safe goal_pos': 52.73626373626374}}
WARNING:root:Relative goal position magnitude had to be clamped to be safe.
{   'wrist_flex': {   'original goal_pos': 57.92751135349149,
                      'safe goal_pos': 52.73626373626374}}
WARNING:root:Relative goal position magnitude had to be clamped to be safe.
{   'wrist_flex': {   'original goal_pos': 60.095105236978114,
                      'safe goal_pos': 52.73626373626374}}
WARNING:root:Relative goal position magnitude had to be clamped to be safe.
{   'wrist_flex': {   'original goal_pos': 62.569479587488296,
                      'safe goal_pos': 52.73626373626374}}
WARNING:root:Relative goal position magnitude had to be clamped to be safe.
{   'wrist_flex': {   'original goal_pos': 65.11925162669385,
                      'safe goal_pos': 52.73626373626374}}
WARNING:root:Relative goal position magnitude had to be clamped to be safe.
{   'wrist_flex': {   'original goal_pos': 67.32832310787201,
                      'safe goal_pos': 52.73626373626374}}
WARNING:root:Relative goal position magnitude had to be clamped to be safe.
{   'wrist_flex': {   'original goal_pos': 68.77948548883995,
                      'safe goal_pos': 52.73626373626374}}
WARNING:root:Relative goal position magnitude had to be clamped to be safe.
{   'wrist_flex': {   'original goal_pos': 69.29252770170906,
                      'safe goal_pos': 52.73626373626374}}
WARNING:root:Relative goal position magnitude had to be clamped to be safe.
{   'wrist_flex': {   'original goal_pos': 69.24574395051292,
                      'safe goal_pos': 52.73626373626374}}
WARNING:root:Relative goal position magnitude had to be clamped to be safe.
{   'wrist_flex': {   'original goal_pos': 68.96048817348509,
                      'safe goal_pos': 52.73626373626374}}
WARNING:root:Relative goal position magnitude had to be clamped to be safe.
{   'wrist_flex': {   'original goal_pos': 68.30718204251954,
                      'safe goal_pos': 52.73626373626374}}
WARNING:root:Relative goal position magnitude had to be clamped to be safe.
{   'wrist_flex': {   'original goal_pos': 67.50572162628771,
                      'safe goal_pos': 52.73626373626374}}
WARNING:root:Relative goal position magnitude had to be clamped to be safe.
{   'wrist_flex': {   'original goal_pos': 66.82293321760207,
                      'safe goal_pos': 52.73626373626374}}
WARNING:root:Relative goal position magnitude had to be clamped to be safe.
{   'wrist_flex': {   'original goal_pos': 66.43699807389909,
                      'safe goal_pos': 52.73626373626374}}
WARNING:root:Relative goal position magnitude had to be clamped to be safe.
{   'wrist_flex': {   'original goal_pos': 66.33902572164303,
                      'safe goal_pos': 52.73626373626374}}
WARNING:root:Relative goal position magnitude had to be clamped to be safe.
{   'wrist_flex': {   'original goal_pos': 66.4356904612993,
                      'safe goal_pos': 52.73626373626374}}
WARNING:root:Relative goal position magnitude had to be clamped to be safe.
{   'wrist_flex': {   'original goal_pos': 66.36272204759389,
                      'safe goal_pos': 52.73626373626374}}
WARNING:root:Relative goal position magnitude had to be clamped to be safe.
{   'wrist_flex': {   'original goal_pos': 66.02175641196015,
                      'safe goal_pos': 52.73626373626374}}
WARNING:root:Relative goal position magnitude had to be clamped to be safe.
{   'wrist_flex': {   'original goal_pos': 65.71857586024511,
                      'safe goal_pos': 52.73626373626374}}
WARNING:root:Relative goal position magnitude had to be clamped to be safe.
{   'wrist_flex': {   'original goal_pos': 65.38699752553904,
                      'safe goal_pos': 52.73626373626374}}
WARNING:root:Relative goal position magnitude had to be clamped to be safe.
{   'wrist_flex': {   'original goal_pos': 64.94754672307442,
                      'safe goal_pos': 52.73626373626374}}
WARNING:root:Relative goal position magnitude had to be clamped to be safe.
{   'wrist_flex': {   'original goal_pos': 64.75106097020907,
                      'safe goal_pos': 52.73626373626374}}
WARNING:root:Relative goal position magnitude had to be clamped to be safe.
{   'wrist_flex': {   'original goal_pos': 65.00203167617562,
                      'safe goal_pos': 52.73626373626374}}
WARNING:root:Relative goal position magnitude had to be clamped to be safe.
{   'wrist_flex': {   'original goal_pos': 65.41022181745451,
                      'safe goal_pos': 52.73626373626374}}
WARNING:root:Relative goal position magnitude had to be clamped to be safe.
{   'wrist_flex': {   'original goal_pos': 65.79368376784495,
                      'safe goal_pos': 52.73626373626374}}
WARNING:root:Relative goal position magnitude had to be clamped to be safe.
{   'wrist_flex': {   'original goal_pos': 65.9295124145184,
                      'safe goal_pos': 52.73626373626374}}
WARNING:root:Relative goal position magnitude had to be clamped to be safe.
{   'wrist_flex': {   'original goal_pos': 65.89824667290846,
                      'safe goal_pos': 52.73626373626374}}
WARNING:root:Relative goal position magnitude had to be clamped to be safe.
{   'wrist_flex': {   'original goal_pos': 65.84174177695282,
                      'safe goal_pos': 52.73626373626374}}
WARNING:root:Relative goal position magnitude had to be clamped to be safe.
{   'wrist_flex': {   'original goal_pos': 65.63853506935381,
                      'safe goal_pos': 52.73626373626374}}
WARNING:root:Relative goal position magnitude had to be clamped to be safe.
{   'wrist_flex': {   'original goal_pos': 65.28949183076514,
                      'safe goal_pos': 52.73626373626374}}
WARNING:root:Relative goal position magnitude had to be clamped to be safe.
{   'wrist_flex': {   'original goal_pos': 65.0124178760505,
                      'safe goal_pos': 52.73626373626374}}
WARNING:root:Relative goal position magnitude had to be clamped to be safe.
{   'wrist_flex': {   'original goal_pos': 65.09240617298745,
                      'safe goal_pos': 52.73626373626374}}
WARNING:root:Relative goal position magnitude had to be clamped to be safe.
{   'wrist_flex': {   'original goal_pos': 64.93877871445304,
                      'safe goal_pos': 52.73626373626374}}
WARNING:root:Relative goal position magnitude had to be clamped to be safe.
{   'wrist_flex': {   'original goal_pos': 64.69181736070182,
                      'safe goal_pos': 52.73626373626374}}
WARNING:root:Relative goal position magnitude had to be clamped to be safe.
{   'wrist_flex': {   'original goal_pos': 64.2395119642429,
                      'safe goal_pos': 52.73626373626374}}
WARNING:root:Relative goal position magnitude had to be clamped to be safe.
{   'wrist_flex': {   'original goal_pos': 63.72985688756817,
                      'safe goal_pos': 52.73626373626374}}
WARNING:root:Relative goal position magnitude had to be clamped to be safe.
{   'wrist_flex': {   'original goal_pos': 63.101760570813966,
                      'safe goal_pos': 52.73626373626374}}
WARNING:root:Relative goal position magnitude had to be clamped to be safe.
{   'wrist_flex': {   'original goal_pos': 62.08251470410107,
                      'safe goal_pos': 52.73626373626374}}
WARNING:root:Relative goal position magnitude had to be clamped to be safe.
{   'wrist_flex': {   'original goal_pos': 61.31628995294619,
                      'safe goal_pos': 52.73626373626374}}
WARNING:root:Relative goal position magnitude had to be clamped to be safe.
{   'wrist_flex': {   'original goal_pos': 62.291390086271974,
                      'safe goal_pos': 52.73626373626374}}
WARNING:root:Relative goal position magnitude had to be clamped to be safe.
{   'wrist_flex': {   'original goal_pos': 64.15112897880626,
                      'safe goal_pos': 52.73626373626374}}
WARNING:root:Relative goal position magnitude had to be clamped to be safe.
{   'wrist_flex': {   'original goal_pos': 65.7222715279902,
                      'safe goal_pos': 52.73626373626374}}
WARNING:root:Relative goal position magnitude had to be clamped to be safe.
{   'wrist_flex': {   'original goal_pos': 67.53634672192575,
                      'safe goal_pos': 52.73626373626374}}
WARNING:root:Relative goal position magnitude had to be clamped to be safe.
{   'wrist_flex': {   'original goal_pos': 69.39569026282678,
                      'safe goal_pos': 52.73626373626374}}
WARNING:root:Relative goal position magnitude had to be clamped to be safe.
{   'wrist_flex': {   'original goal_pos': 70.78260764136023,
                      'safe goal_pos': 52.73626373626374}}
WARNING:root:Relative goal position magnitude had to be clamped to be safe.
{   'wrist_flex': {   'original goal_pos': 71.49813722981439,
                      'safe goal_pos': 52.73626373626374}}
WARNING:root:Relative goal position magnitude had to be clamped to be safe.
{   'wrist_flex': {   'original goal_pos': 71.55312147142467,
                      'safe goal_pos': 52.73626373626374}}
WARNING:root:Relative goal position magnitude had to be clamped to be safe.
{   'wrist_flex': {   'original goal_pos': 70.86814570939845,
                      'safe goal_pos': 52.73626373626374}}
WARNING:root:Relative goal position magnitude had to be clamped to be safe.
{   'wrist_flex': {   'original goal_pos': 69.58553482680384,
                      'safe goal_pos': 52.73626373626374}}
WARNING:root:Relative goal position magnitude had to be clamped to be safe.
{   'wrist_flex': {   'original goal_pos': 68.42465618383018,
                      'safe goal_pos': 52.73626373626374}}
WARNING:root:Relative goal position magnitude had to be clamped to be safe.
{   'wrist_flex': {   'original goal_pos': 67.33518037272259,
                      'safe goal_pos': 52.73626373626374}}
WARNING:root:Relative goal position magnitude had to be clamped to be safe.
{   'wrist_flex': {   'original goal_pos': 66.02255757948704,
                      'safe goal_pos': 52.73626373626374}}
WARNING:root:Relative goal position magnitude had to be clamped to be safe.
{   'wrist_flex': {   'original goal_pos': 64.7948809822893,
                      'safe goal_pos': 52.73626373626374}}
WARNING:root:Relative goal position magnitude had to be clamped to be safe.
{   'wrist_flex': {   'original goal_pos': 63.8335691360967,
                      'safe goal_pos': 52.73626373626374}}
WARNING:root:Relative goal position magnitude had to be clamped to be safe.
{   'wrist_flex': {   'original goal_pos': 62.94239066249538,
                      'safe goal_pos': 52.73626373626374}}
WARNING:root:Relative goal position magnitude had to be clamped to be safe.
{   'wrist_flex': {   'original goal_pos': 61.97955982883477,
                      'safe goal_pos': 52.73626373626374}}
WARNING:root:Relative goal position magnitude had to be clamped to be safe.
{   'wrist_flex': {   'original goal_pos': 60.96882416002882,
                      'safe goal_pos': 52.73626373626374}}
WARNING:root:Relative goal position magnitude had to be clamped to be safe.
{   'wrist_flex': {   'original goal_pos': 60.466462124231604,
                      'safe goal_pos': 52.73626373626374}}
WARNING:root:Relative goal position magnitude had to be clamped to be safe.
{   'wrist_flex': {   'original goal_pos': 60.36889259630435,
                      'safe goal_pos': 52.73626373626374}}
WARNING:root:Relative goal position magnitude had to be clamped to be safe.
{   'wrist_flex': {   'original goal_pos': 60.434742474283844,
                      'safe goal_pos': 52.73626373626374}}
WARNING:root:Relative goal position magnitude had to be clamped to be safe.
{   'wrist_flex': {   'original goal_pos': 60.95678193233436,
                      'safe goal_pos': 52.73626373626374}}
WARNING:root:Relative goal position magnitude had to be clamped to be safe.
{   'wrist_flex': {   'original goal_pos': 61.52429642165531,
                      'safe goal_pos': 52.73626373626374}}
WARNING:root:Relative goal position magnitude had to be clamped to be safe.
{   'wrist_flex': {   'original goal_pos': 61.68351259457006,
                      'safe goal_pos': 52.73626373626374}}
WARNING:root:Relative goal position magnitude had to be clamped to be safe.
{   'wrist_flex': {   'original goal_pos': 61.69063561884684,
                      'safe goal_pos': 52.73626373626374}}
WARNING:root:Relative goal position magnitude had to be clamped to be safe.
{   'wrist_flex': {   'original goal_pos': 61.67361626652631,
                      'safe goal_pos': 52.73626373626374}}
WARNING:root:Relative goal position magnitude had to be clamped to be safe.
{   'wrist_flex': {   'original goal_pos': 61.77540347431528,
                      'safe goal_pos': 52.73626373626374}}
WARNING:root:Relative goal position magnitude had to be clamped to be safe.
{   'wrist_flex': {   'original goal_pos': 62.29082217564338,
                      'safe goal_pos': 52.73626373626374}}
WARNING:root:Relative goal position magnitude had to be clamped to be safe.
{   'wrist_flex': {   'original goal_pos': 63.01101867482593,
                      'safe goal_pos': 52.73626373626374}}
WARNING:root:Relative goal position magnitude had to be clamped to be safe.
{   'wrist_flex': {   'original goal_pos': 63.84085509454986,
                      'safe goal_pos': 52.73626373626374}}
WARNING:root:Relative goal position magnitude had to be clamped to be safe.
{   'wrist_flex': {   'original goal_pos': 64.71998018602822,
                      'safe goal_pos': 52.73626373626374}}
WARNING:root:Relative goal position magnitude had to be clamped to be safe.
{   'wrist_flex': {   'original goal_pos': 65.45815570635708,
                      'safe goal_pos': 52.73626373626374}}
WARNING:root:Relative goal position magnitude had to be clamped to be safe.
{   'wrist_flex': {   'original goal_pos': 66.03512884165804,
                      'safe goal_pos': 52.73626373626374}}
WARNING:root:Relative goal position magnitude had to be clamped to be safe.
{   'wrist_flex': {   'original goal_pos': 66.37090005575708,
                      'safe goal_pos': 52.73626373626374}}
WARNING:root:Relative goal position magnitude had to be clamped to be safe.
{   'wrist_flex': {   'original goal_pos': 66.67663903654696,
                      'safe goal_pos': 52.73626373626374}}
WARNING:root:Relative goal position magnitude had to be clamped to be safe.
{   'wrist_flex': {   'original goal_pos': 66.66212607076871,
                      'safe goal_pos': 52.73626373626374}}
WARNING:root:Relative goal position magnitude had to be clamped to be safe.
{   'wrist_flex': {   'original goal_pos': 66.18223037677006,
                      'safe goal_pos': 52.73626373626374}}
WARNING:root:Relative goal position magnitude had to be clamped to be safe.
{   'wrist_flex': {   'original goal_pos': 64.93313275721584,
                      'safe goal_pos': 52.73626373626374}}
WARNING:root:Relative goal position magnitude had to be clamped to be safe.
{   'wrist_flex': {   'original goal_pos': 63.59156004849642,
                      'safe goal_pos': 52.73626373626374}}
WARNING:root:Relative goal position magnitude had to be clamped to be safe.
{   'wrist_flex': {   'original goal_pos': 62.96539416262457,
                      'safe goal_pos': 52.73626373626374}}
WARNING:root:Relative goal position magnitude had to be clamped to be safe.
{   'wrist_flex': {   'original goal_pos': 63.008662875431334,
                      'safe goal_pos': 52.73626373626374}}
WARNING:root:Relative goal position magnitude had to be clamped to be safe.
{   'wrist_flex': {   'original goal_pos': 63.33073913934655,
                      'safe goal_pos': 52.73626373626374}}
WARNING:root:Relative goal position magnitude had to be clamped to be safe.
{   'wrist_flex': {   'original goal_pos': 63.91049545376232,
                      'safe goal_pos': 52.73626373626374}}
WARNING:root:Relative goal position magnitude had to be clamped to be safe.
{   'wrist_flex': {   'original goal_pos': 64.11204611165677,
                      'safe goal_pos': 52.73626373626374}}
WARNING:root:Relative goal position magnitude had to be clamped to be safe.
{   'wrist_flex': {   'original goal_pos': 62.8256341472182,
                      'safe goal_pos': 52.73626373626374}}
WARNING:root:Relative goal position magnitude had to be clamped to be safe.
{   'wrist_flex': {   'original goal_pos': 60.73066410630872,
                      'safe goal_pos': 52.73626373626374}}
WARNING:root:Relative goal position magnitude had to be clamped to be safe.
{   'wrist_flex': {   'original goal_pos': 59.45707601986817,
                      'safe goal_pos': 52.73626373626374}}
WARNING:root:Relative goal position magnitude had to be clamped to be safe.
{   'wrist_flex': {   'original goal_pos': 59.377906932547376,
                      'safe goal_pos': 52.73626373626374}}
WARNING:root:Relative goal position magnitude had to be clamped to be safe.
{   'wrist_flex': {   'original goal_pos': 60.67847768143295,
                      'safe goal_pos': 52.73626373626374}}
WARNING:root:Relative goal position magnitude had to be clamped to be safe.
{   'wrist_flex': {   'original goal_pos': 62.46132850955526,
                      'safe goal_pos': 52.73626373626374}}
WARNING:root:Relative goal position magnitude had to be clamped to be safe.
{   'wrist_flex': {   'original goal_pos': 63.33051934356247,
                      'safe goal_pos': 52.73626373626374}}
WARNING:root:Relative goal position magnitude had to be clamped to be safe.
{   'wrist_flex': {   'original goal_pos': 63.995288631463346,
                      'safe goal_pos': 52.73626373626374}}
WARNING:root:Relative goal position magnitude had to be clamped to be safe.
{   'wrist_flex': {   'original goal_pos': 65.75088891203426,
                      'safe goal_pos': 52.73626373626374}}
WARNING:root:Relative goal position magnitude had to be clamped to be safe.
{   'wrist_flex': {   'original goal_pos': 68.38580779647833,
                      'safe goal_pos': 52.73626373626374}}
WARNING:root:Relative goal position magnitude had to be clamped to be safe.
{   'wrist_flex': {   'original goal_pos': 70.65902602286172,
                      'safe goal_pos': 52.73626373626374}}
WARNING:root:Relative goal position magnitude had to be clamped to be safe.
{   'wrist_flex': {   'original goal_pos': 71.87898388620229,
                      'safe goal_pos': 52.73626373626374}}
WARNING:root:Relative goal position magnitude had to be clamped to be safe.
{   'wrist_flex': {   'original goal_pos': 71.45179188157067,
                      'safe goal_pos': 52.73626373626374}}
WARNING:root:Relative goal position magnitude had to be clamped to be safe.
{   'wrist_flex': {   'original goal_pos': 69.87240384407086,
                      'safe goal_pos': 52.73626373626374}}
WARNING:root:Relative goal position magnitude had to be clamped to be safe.
{   'wrist_flex': {   'original goal_pos': 67.7952141101885,
                      'safe goal_pos': 52.73626373626374}}
WARNING:root:Relative goal position magnitude had to be clamped to be safe.
{   'wrist_flex': {   'original goal_pos': 65.84326921409742,
                      'safe goal_pos': 52.73626373626374}}
WARNING:root:Relative goal position magnitude had to be clamped to be safe.
{   'wrist_flex': {   'original goal_pos': 64.1959030166814,
                      'safe goal_pos': 52.73626373626374}}
WARNING:root:Relative goal position magnitude had to be clamped to be safe.
{   'wrist_flex': {   'original goal_pos': 63.146690177091195,
                      'safe goal_pos': 52.73626373626374}}
WARNING:root:Relative goal position magnitude had to be clamped to be safe.
{   'wrist_flex': {   'original goal_pos': 62.40360140000658,
                      'safe goal_pos': 52.73626373626374}}
WARNING:root:Relative goal position magnitude had to be clamped to be safe.
{   'wrist_flex': {   'original goal_pos': 62.0262927535022,
                      'safe goal_pos': 52.73626373626374}}
WARNING:root:Relative goal position magnitude had to be clamped to be safe.
{   'wrist_flex': {   'original goal_pos': 62.12766879389997,
                      'safe goal_pos': 52.73626373626374}}
WARNING:root:Relative goal position magnitude had to be clamped to be safe.
{   'wrist_flex': {   'original goal_pos': 62.34166001402125,
                      'safe goal_pos': 52.73626373626374}}
WARNING:root:Relative goal position magnitude had to be clamped to be safe.
{   'wrist_flex': {   'original goal_pos': 62.62373499684117,
                      'safe goal_pos': 52.73626373626374}}
WARNING:root:Relative goal position magnitude had to be clamped to be safe.
{   'wrist_flex': {   'original goal_pos': 62.8104625420032,
                      'safe goal_pos': 52.73626373626374}}
WARNING:root:Relative goal position magnitude had to be clamped to be safe.
{   'wrist_flex': {   'original goal_pos': 62.6620584900918,
                      'safe goal_pos': 52.73626373626374}}
WARNING:root:Relative goal position magnitude had to be clamped to be safe.
{   'wrist_flex': {   'original goal_pos': 62.321843109425664,
                      'safe goal_pos': 52.73626373626374}}
WARNING:root:Relative goal position magnitude had to be clamped to be safe.
{   'wrist_flex': {   'original goal_pos': 62.25535231408307,
                      'safe goal_pos': 52.73626373626374}}
WARNING:root:Relative goal position magnitude had to be clamped to be safe.
{   'wrist_flex': {   'original goal_pos': 62.34166216871553,
                      'safe goal_pos': 52.73626373626374}}
WARNING:root:Relative goal position magnitude had to be clamped to be safe.
{   'wrist_flex': {   'original goal_pos': 62.11471583113133,
                      'safe goal_pos': 52.73626373626374}}
WARNING:root:Relative goal position magnitude had to be clamped to be safe.
{   'wrist_flex': {   'original goal_pos': 61.53975434695485,
                      'safe goal_pos': 52.73626373626374}}
WARNING:root:Relative goal position magnitude had to be clamped to be safe.
{   'wrist_flex': {   'original goal_pos': 60.817779698700704,
                      'safe goal_pos': 52.73626373626374}}
WARNING:root:Relative goal position magnitude had to be clamped to be safe.
{   'wrist_flex': {   'original goal_pos': 59.82717595313744,
                      'safe goal_pos': 52.73626373626374}}
WARNING:root:Relative goal position magnitude had to be clamped to be safe.
{   'wrist_flex': {   'original goal_pos': 59.270233314928745,
                      'safe goal_pos': 52.73626373626374}}
WARNING:root:Relative goal position magnitude had to be clamped to be safe.
{   'wrist_flex': {   'original goal_pos': 59.34328445166107,
                      'safe goal_pos': 52.73626373626374}}
WARNING:root:Relative goal position magnitude had to be clamped to be safe.
{   'wrist_flex': {   'original goal_pos': 60.13396295205798,
                      'safe goal_pos': 52.73626373626374}}
WARNING:root:Relative goal position magnitude had to be clamped to be safe.
{   'wrist_flex': {   'original goal_pos': 62.079305910850024,
                      'safe goal_pos': 52.73626373626374}}
WARNING:root:Relative goal position magnitude had to be clamped to be safe.
{   'wrist_flex': {   'original goal_pos': 64.72683655344863,
                      'safe goal_pos': 52.73626373626374}}
WARNING:root:Relative goal position magnitude had to be clamped to be safe.
{   'wrist_flex': {   'original goal_pos': 67.49248536736764,
                      'safe goal_pos': 52.73626373626374}}
WARNING:root:Relative goal position magnitude had to be clamped to be safe.
{   'wrist_flex': {   'original goal_pos': 70.13023300200945,
                      'safe goal_pos': 52.73626373626374}}
WARNING:root:Relative goal position magnitude had to be clamped to be safe.
{   'wrist_flex': {   'original goal_pos': 72.53160055465065,
                      'safe goal_pos': 52.73626373626374}}
WARNING:root:Relative goal position magnitude had to be clamped to be safe.
{   'wrist_flex': {   'original goal_pos': 74.35109603582045,
                      'safe goal_pos': 52.73626373626374}}
WARNING:root:Relative goal position magnitude had to be clamped to be safe.
{   'wrist_flex': {   'original goal_pos': 75.19988398214343,
                      'safe goal_pos': 52.73626373626374}}
WARNING:root:Relative goal position magnitude had to be clamped to be safe.
{   'wrist_flex': {   'original goal_pos': 75.07720632234309,
                      'safe goal_pos': 52.73626373626374}}
WARNING:root:Relative goal position magnitude had to be clamped to be safe.
{   'wrist_flex': {   'original goal_pos': 74.22275611008355,
                      'safe goal_pos': 52.73626373626374}}
WARNING:root:Relative goal position magnitude had to be clamped to be safe.
{   'wrist_flex': {   'original goal_pos': 72.73992693306349,
                      'safe goal_pos': 52.73626373626374}}
WARNING:root:Relative goal position magnitude had to be clamped to be safe.
{   'wrist_flex': {   'original goal_pos': 70.70382567425946,
                      'safe goal_pos': 52.73626373626374}}
WARNING:root:Relative goal position magnitude had to be clamped to be safe.
{   'wrist_flex': {   'original goal_pos': 68.46035440285333,
                      'safe goal_pos': 52.73626373626374}}
WARNING:root:Relative goal position magnitude had to be clamped to be safe.
{   'wrist_flex': {   'original goal_pos': 66.26271661363492,
                      'safe goal_pos': 52.73626373626374}}
WARNING:root:Relative goal position magnitude had to be clamped to be safe.
{   'wrist_flex': {   'original goal_pos': 64.34910637673349,
                      'safe goal_pos': 52.73626373626374}}
WARNING:root:Relative goal position magnitude had to be clamped to be safe.
{   'wrist_flex': {   'original goal_pos': 62.75571198816952,
                      'safe goal_pos': 52.73626373626374}}
WARNING:root:Relative goal position magnitude had to be clamped to be safe.
{   'wrist_flex': {   'original goal_pos': 61.12626092563653,
                      'safe goal_pos': 52.73626373626374}}
WARNING:root:Relative goal position magnitude had to be clamped to be safe.
{   'wrist_flex': {   'original goal_pos': 59.38039683323443,
                      'safe goal_pos': 52.73626373626374}}
WARNING:root:Relative goal position magnitude had to be clamped to be safe.
{   'wrist_flex': {   'original goal_pos': 57.926995268450014,
                      'safe goal_pos': 52.73626373626374}}
WARNING:root:Relative goal position magnitude had to be clamped to be safe.
{   'wrist_flex': {   'original goal_pos': 57.030560732557696,
                      'safe goal_pos': 52.73626373626374}}
WARNING:root:Relative goal position magnitude had to be clamped to be safe.
{   'wrist_flex': {   'original goal_pos': 56.91822105635927,
                      'safe goal_pos': 52.73626373626374}}
WARNING:root:Relative goal position magnitude had to be clamped to be safe.
{   'wrist_flex': {   'original goal_pos': 57.51120028759718,
                      'safe goal_pos': 52.73626373626374}}
WARNING:root:Relative goal position magnitude had to be clamped to be safe.
{   'wrist_flex': {   'original goal_pos': 58.463055438003465,
                      'safe goal_pos': 52.73626373626374}}
WARNING:root:Relative goal position magnitude had to be clamped to be safe.
{   'wrist_flex': {   'original goal_pos': 59.29558888335704,
                      'safe goal_pos': 52.73626373626374}}
WARNING:root:Relative goal position magnitude had to be clamped to be safe.
{   'wrist_flex': {   'original goal_pos': 59.964084286679466,
                      'safe goal_pos': 52.73626373626374}}
WARNING:root:Relative goal position magnitude had to be clamped to be safe.
{   'wrist_flex': {   'original goal_pos': 60.44363563271911,
                      'safe goal_pos': 52.73626373626374}}
WARNING:root:Relative goal position magnitude had to be clamped to be safe.
{   'wrist_flex': {   'original goal_pos': 60.51679001297447,
                      'safe goal_pos': 52.73626373626374}}
WARNING:root:Relative goal position magnitude had to be clamped to be safe.
{   'wrist_flex': {   'original goal_pos': 60.538586327284385,
                      'safe goal_pos': 52.73626373626374}}
WARNING:root:Relative goal position magnitude had to be clamped to be safe.
{   'wrist_flex': {   'original goal_pos': 60.46351408779077,
                      'safe goal_pos': 52.73626373626374}}
WARNING:root:Relative goal position magnitude had to be clamped to be safe.
{   'wrist_flex': {   'original goal_pos': 60.005650857796255,
                      'safe goal_pos': 52.73626373626374}}
WARNING:root:Relative goal position magnitude had to be clamped to be safe.
{   'wrist_flex': {   'original goal_pos': 59.61757929103041,
                      'safe goal_pos': 52.73626373626374}}
WARNING:root:Relative goal position magnitude had to be clamped to be safe.
{   'wrist_flex': {   'original goal_pos': 59.531897371365275,
                      'safe goal_pos': 52.73626373626374}}
WARNING:root:Relative goal position magnitude had to be clamped to be safe.
{   'wrist_flex': {   'original goal_pos': 59.44344631048892,
                      'safe goal_pos': 52.73626373626374}}
WARNING:root:Relative goal position magnitude had to be clamped to be safe.
{   'wrist_flex': {   'original goal_pos': 59.38060812530197,
                      'safe goal_pos': 52.73626373626374}}
WARNING:root:Relative goal position magnitude had to be clamped to be safe.
{   'wrist_flex': {   'original goal_pos': 59.31216285744902,
                      'safe goal_pos': 52.73626373626374}}
WARNING:root:Relative goal position magnitude had to be clamped to be safe.
{   'wrist_flex': {   'original goal_pos': 59.318511063077025,
                      'safe goal_pos': 52.73626373626374}}
WARNING:root:Relative goal position magnitude had to be clamped to be safe.
{   'wrist_flex': {   'original goal_pos': 59.42652546096764,
                      'safe goal_pos': 52.73626373626374}}
WARNING:root:Relative goal position magnitude had to be clamped to be safe.
{   'wrist_flex': {   'original goal_pos': 59.37977874323198,
                      'safe goal_pos': 52.73626373626374}}
WARNING:root:Relative goal position magnitude had to be clamped to be safe.
{   'wrist_flex': {   'original goal_pos': 59.06213861473482,
                      'safe goal_pos': 52.73626373626374}}
WARNING:root:Relative goal position magnitude had to be clamped to be safe.
{   'wrist_flex': {   'original goal_pos': 59.11139033401647,
                      'safe goal_pos': 52.73626373626374}}
WARNING:root:Relative goal position magnitude had to be clamped to be safe.
{   'wrist_flex': {   'original goal_pos': 59.28078273083258,
                      'safe goal_pos': 52.73626373626374}}
WARNING:root:Relative goal position magnitude had to be clamped to be safe.
{   'wrist_flex': {   'original goal_pos': 59.36657482734593,
                      'safe goal_pos': 52.73626373626374}}
WARNING:root:Relative goal position magnitude had to be clamped to be safe.
{   'wrist_flex': {   'original goal_pos': 59.491438969011845,
                      'safe goal_pos': 52.73626373626374}}
WARNING:root:Relative goal position magnitude had to be clamped to be safe.
{   'wrist_flex': {   'original goal_pos': 59.528457091111115,
                      'safe goal_pos': 52.73626373626374}}
WARNING:root:Relative goal position magnitude had to be clamped to be safe.
{   'wrist_flex': {   'original goal_pos': 59.61674561559528,
                      'safe goal_pos': 52.73626373626374}}
WARNING:root:Relative goal position magnitude had to be clamped to be safe.
{   'wrist_flex': {   'original goal_pos': 59.68978111148671,
                      'safe goal_pos': 52.73626373626374}}
WARNING:root:Relative goal position magnitude had to be clamped to be safe.
{   'wrist_flex': {   'original goal_pos': 59.851576621556895,
                      'safe goal_pos': 52.73626373626374}}
WARNING:root:Relative goal position magnitude had to be clamped to be safe.
{   'wrist_flex': {   'original goal_pos': 60.24826885513045,
                      'safe goal_pos': 52.73626373626374}}
WARNING:root:Relative goal position magnitude had to be clamped to be safe.
{   'wrist_flex': {   'original goal_pos': 60.59231672583788,
                      'safe goal_pos': 52.73626373626374}}
WARNING:root:Relative goal position magnitude had to be clamped to be safe.
{   'wrist_flex': {   'original goal_pos': 60.77078365317573,
                      'safe goal_pos': 52.73626373626374}}
WARNING:root:Relative goal position magnitude had to be clamped to be safe.
{   'wrist_flex': {   'original goal_pos': 60.907019403112756,
                      'safe goal_pos': 52.73626373626374}}
WARNING:root:Relative goal position magnitude had to be clamped to be safe.
{   'wrist_flex': {   'original goal_pos': 60.947844514111445,
                      'safe goal_pos': 52.73626373626374}}
WARNING:root:Relative goal position magnitude had to be clamped to be safe.
{   'wrist_flex': {   'original goal_pos': 60.99064389673207,
                      'safe goal_pos': 52.73626373626374}}
WARNING:root:Relative goal position magnitude had to be clamped to be safe.
{   'wrist_flex': {   'original goal_pos': 60.97725276956873,
                      'safe goal_pos': 52.73626373626374}}
WARNING:root:Relative goal position magnitude had to be clamped to be safe.
{   'wrist_flex': {   'original goal_pos': 61.049943288368226,
                      'safe goal_pos': 52.73626373626374}}
WARNING:root:Relative goal position magnitude had to be clamped to be safe.
{   'wrist_flex': {   'original goal_pos': 61.16869486386489,
                      'safe goal_pos': 52.73626373626374}}
WARNING:root:Relative goal position magnitude had to be clamped to be safe.
{   'wrist_flex': {   'original goal_pos': 61.293874575518586,
                      'safe goal_pos': 52.73626373626374}}
WARNING:root:Relative goal position magnitude had to be clamped to be safe.
{   'wrist_flex': {   'original goal_pos': 61.57745610584802,
                      'safe goal_pos': 52.73626373626374}}
WARNING:root:Relative goal position magnitude had to be clamped to be safe.
{   'wrist_flex': {   'original goal_pos': 61.82707856831051,
                      'safe goal_pos': 52.73626373626374}}
WARNING:root:Relative goal position magnitude had to be clamped to be safe.
{   'wrist_flex': {   'original goal_pos': 62.11284202682708,
                      'safe goal_pos': 52.73626373626374}}
WARNING:root:Relative goal position magnitude had to be clamped to be safe.
{   'wrist_flex': {   'original goal_pos': 62.23625334216188,
                      'safe goal_pos': 52.73626373626374}}
WARNING:root:Relative goal position magnitude had to be clamped to be safe.
{   'wrist_flex': {   'original goal_pos': 61.87711050992312,
                      'safe goal_pos': 52.73626373626374}}
WARNING:root:Relative goal position magnitude had to be clamped to be safe.
{   'wrist_flex': {   'original goal_pos': 60.91191181858362,
                      'safe goal_pos': 52.73626373626374}}
WARNING:root:Relative goal position magnitude had to be clamped to be safe.
{   'wrist_flex': {   'original goal_pos': 59.938524879360465,
                      'safe goal_pos': 52.73626373626374}}
WARNING:root:Relative goal position magnitude had to be clamped to be safe.
{   'wrist_flex': {   'original goal_pos': 59.325815365541985,
                      'safe goal_pos': 52.73626373626374}}
WARNING:root:Relative goal position magnitude had to be clamped to be safe.
{   'wrist_flex': {   'original goal_pos': 58.73092435023626,
                      'safe goal_pos': 52.73626373626374}}
WARNING:root:Relative goal position magnitude had to be clamped to be safe.
{   'wrist_flex': {   'original goal_pos': 58.31561501394621,
                      'safe goal_pos': 52.73626373626374}}
WARNING:root:Relative goal position magnitude had to be clamped to be safe.
{   'wrist_flex': {   'original goal_pos': 58.198938755017714,
                      'safe goal_pos': 52.73626373626374}}
WARNING:root:Relative goal position magnitude had to be clamped to be safe.
{   'wrist_flex': {   'original goal_pos': 58.36425009064034,
                      'safe goal_pos': 52.73626373626374}}
WARNING:root:Relative goal position magnitude had to be clamped to be safe.
{   'wrist_flex': {   'original goal_pos': 59.19117436073187,
                      'safe goal_pos': 52.73626373626374}}
WARNING:root:Relative goal position magnitude had to be clamped to be safe.
{   'wrist_flex': {   'original goal_pos': 60.69489986863342,
                      'safe goal_pos': 52.73626373626374}}
WARNING:root:Relative goal position magnitude had to be clamped to be safe.
{   'wrist_flex': {   'original goal_pos': 62.16562759039721,
                      'safe goal_pos': 52.73626373626374}}
WARNING:root:Relative goal position magnitude had to be clamped to be safe.
{   'wrist_flex': {   'original goal_pos': 63.29300635185252,
                      'safe goal_pos': 52.73626373626374}}
WARNING:root:Relative goal position magnitude had to be clamped to be safe.
{   'wrist_flex': {   'original goal_pos': 63.73427389184132,
                      'safe goal_pos': 52.73626373626374}}
WARNING:root:Relative goal position magnitude had to be clamped to be safe.
{   'wrist_flex': {   'original goal_pos': 63.8769396762193,
                      'safe goal_pos': 52.73626373626374}}
WARNING:root:Relative goal position magnitude had to be clamped to be safe.
{   'wrist_flex': {   'original goal_pos': 64.34335369877093,
                      'safe goal_pos': 52.73626373626374}}
WARNING:root:Relative goal position magnitude had to be clamped to be safe.
{   'wrist_flex': {   'original goal_pos': 65.29338096181435,
                      'safe goal_pos': 52.73626373626374}}
WARNING:root:Relative goal position magnitude had to be clamped to be safe.
{   'wrist_flex': {   'original goal_pos': 66.6030002492246,
                      'safe goal_pos': 52.73626373626374}}
WARNING:root:Relative goal position magnitude had to be clamped to be safe.
{   'wrist_flex': {   'original goal_pos': 67.61817752626584,
                      'safe goal_pos': 52.73626373626374}}
WARNING:root:Relative goal position magnitude had to be clamped to be safe.
{   'wrist_flex': {   'original goal_pos': 67.98770704690072,
                      'safe goal_pos': 52.73626373626374}}
WARNING:root:Relative goal position magnitude had to be clamped to be safe.
{   'wrist_flex': {   'original goal_pos': 68.4946892499306,
                      'safe goal_pos': 52.73626373626374}}
WARNING:root:Relative goal position magnitude had to be clamped to be safe.
{   'wrist_flex': {   'original goal_pos': 68.80229367368544,
                      'safe goal_pos': 52.73626373626374}}
WARNING:root:Relative goal position magnitude had to be clamped to be safe.
{   'wrist_flex': {   'original goal_pos': 68.92994796309404,
                      'safe goal_pos': 52.73626373626374}}
WARNING:root:Relative goal position magnitude had to be clamped to be safe.
{   'wrist_flex': {   'original goal_pos': 69.0131610275565,
                      'safe goal_pos': 52.73626373626374}}
WARNING:root:Relative goal position magnitude had to be clamped to be safe.
{   'wrist_flex': {   'original goal_pos': 68.81902817723373,
                      'safe goal_pos': 52.73626373626374}}
WARNING:root:Relative goal position magnitude had to be clamped to be safe.
{   'wrist_flex': {   'original goal_pos': 68.7012129776699,
                      'safe goal_pos': 52.73626373626374}}
WARNING:root:Relative goal position magnitude had to be clamped to be safe.
{   'wrist_flex': {   'original goal_pos': 68.60261905643408,
                      'safe goal_pos': 52.73626373626374}}
WARNING:root:Relative goal position magnitude had to be clamped to be safe.
{   'wrist_flex': {   'original goal_pos': 68.50171775203003,
                      'safe goal_pos': 52.73626373626374}}
WARNING:root:Relative goal position magnitude had to be clamped to be safe.
{   'wrist_flex': {   'original goal_pos': 68.61582896094392,
                      'safe goal_pos': 52.73626373626374}}
WARNING:root:Relative goal position magnitude had to be clamped to be safe.
{   'wrist_flex': {   'original goal_pos': 68.90896763079293,
                      'safe goal_pos': 52.73626373626374}}
WARNING:root:Relative goal position magnitude had to be clamped to be safe.
{   'wrist_flex': {   'original goal_pos': 69.4025059156261,
                      'safe goal_pos': 52.73626373626374}}
WARNING:root:Relative goal position magnitude had to be clamped to be safe.
{   'wrist_flex': {   'original goal_pos': 70.06879640551237,
                      'safe goal_pos': 52.73626373626374}}
WARNING:root:Relative goal position magnitude had to be clamped to be safe.
{   'wrist_flex': {   'original goal_pos': 70.7487441275133,
                      'safe goal_pos': 52.73626373626374}}
WARNING:root:Relative goal position magnitude had to be clamped to be safe.
{   'wrist_flex': {   'original goal_pos': 71.58050006264659,
                      'safe goal_pos': 52.73626373626374}}
WARNING:root:Relative goal position magnitude had to be clamped to be safe.
{   'wrist_flex': {   'original goal_pos': 72.58679247931934,
                      'safe goal_pos': 52.73626373626374}}
WARNING:root:Relative goal position magnitude had to be clamped to be safe.
{   'wrist_flex': {   'original goal_pos': 73.30627917800514,
                      'safe goal_pos': 52.73626373626374}}
WARNING:root:Relative goal position magnitude had to be clamped to be safe.
{   'wrist_flex': {   'original goal_pos': 73.83345576330896,
                      'safe goal_pos': 52.73626373626374}}
WARNING:root:Relative goal position magnitude had to be clamped to be safe.
{   'wrist_flex': {   'original goal_pos': 74.29504097411547,
                      'safe goal_pos': 52.73626373626374}}
WARNING:root:Relative goal position magnitude had to be clamped to be safe.
{   'wrist_flex': {   'original goal_pos': 74.58868325490766,
                      'safe goal_pos': 52.73626373626374}}
WARNING:root:Relative goal position magnitude had to be clamped to be safe.
{   'wrist_flex': {   'original goal_pos': 74.93274934245358,
                      'safe goal_pos': 52.73626373626374}}
WARNING:root:Relative goal position magnitude had to be clamped to be safe.
{   'wrist_flex': {   'original goal_pos': 75.76330831306888,
                      'safe goal_pos': 52.73626373626374}}
WARNING:root:Relative goal position magnitude had to be clamped to be safe.
{   'wrist_flex': {   'original goal_pos': 76.96967965304157,
                      'safe goal_pos': 52.73626373626374}}
WARNING:root:Relative goal position magnitude had to be clamped to be safe.
{   'wrist_flex': {   'original goal_pos': 78.04765647375811,
                      'safe goal_pos': 52.73626373626374}}
WARNING:root:Relative goal position magnitude had to be clamped to be safe.
{   'wrist_flex': {   'original goal_pos': 78.86791711188089,
                      'safe goal_pos': 52.73626373626374}}
WARNING:root:Relative goal position magnitude had to be clamped to be safe.
{   'wrist_flex': {   'original goal_pos': 78.89066526915191,
                      'safe goal_pos': 52.73626373626374}}
WARNING:root:Relative goal position magnitude had to be clamped to be safe.
{   'wrist_flex': {   'original goal_pos': 78.77154248062246,
                      'safe goal_pos': 52.73626373626374}}
WARNING:root:Relative goal position magnitude had to be clamped to be safe.
{   'wrist_flex': {   'original goal_pos': 78.64181107659125,
                      'safe goal_pos': 52.73626373626374}}
WARNING:root:Relative goal position magnitude had to be clamped to be safe.
{   'wrist_flex': {   'original goal_pos': 77.38483226366243,
                      'safe goal_pos': 52.73626373626374}}
WARNING:root:Relative goal position magnitude had to be clamped to be safe.
{   'wrist_flex': {   'original goal_pos': 75.1083443444026,
                      'safe goal_pos': 52.73626373626374}}
WARNING:root:Relative goal position magnitude had to be clamped to be safe.
{   'wrist_flex': {   'original goal_pos': 72.19830474039381,
                      'safe goal_pos': 52.73626373626374}}
WARNING:root:Relative goal position magnitude had to be clamped to be safe.
{   'wrist_flex': {   'original goal_pos': 69.8340485601225,
                      'safe goal_pos': 52.73626373626374}}
WARNING:root:Relative goal position magnitude had to be clamped to be safe.
{   'wrist_flex': {   'original goal_pos': 68.59984946061635,
                      'safe goal_pos': 52.73626373626374}}
WARNING:root:Relative goal position magnitude had to be clamped to be safe.
{   'wrist_flex': {   'original goal_pos': 68.10609131281778,
                      'safe goal_pos': 52.73626373626374}}
WARNING:root:Relative goal position magnitude had to be clamped to be safe.
{   'wrist_flex': {   'original goal_pos': 67.68456589649658,
                      'safe goal_pos': 52.73626373626374}}
WARNING:root:Relative goal position magnitude had to be clamped to be safe.
{   'wrist_flex': {   'original goal_pos': 67.51771856100503,
                      'safe goal_pos': 52.73626373626374}}
WARNING:root:Relative goal position magnitude had to be clamped to be safe.
{   'wrist_flex': {   'original goal_pos': 67.64750903090939,
                      'safe goal_pos': 52.73626373626374}}
WARNING:root:Relative goal position magnitude had to be clamped to be safe.
{   'wrist_flex': {   'original goal_pos': 67.53581965646525,
                      'safe goal_pos': 52.73626373626374}}
WARNING:root:Relative goal position magnitude had to be clamped to be safe.
{   'wrist_flex': {   'original goal_pos': 67.4060272124272,
                      'safe goal_pos': 52.73626373626374}}
WARNING:root:Relative goal position magnitude had to be clamped to be safe.
{   'wrist_flex': {   'original goal_pos': 67.50405845959921,
                      'safe goal_pos': 52.73626373626374}}
WARNING:root:Relative goal position magnitude had to be clamped to be safe.
{   'wrist_flex': {   'original goal_pos': 67.67222440893605,
                      'safe goal_pos': 52.73626373626374}}
WARNING:root:Relative goal position magnitude had to be clamped to be safe.
{   'wrist_flex': {   'original goal_pos': 68.16070211209009,
                      'safe goal_pos': 52.73626373626374}}
WARNING:root:Relative goal position magnitude had to be clamped to be safe.
{   'wrist_flex': {   'original goal_pos': 69.0051472792834,
                      'safe goal_pos': 52.73626373626374}}
WARNING:root:Relative goal position magnitude had to be clamped to be safe.
{   'wrist_flex': {   'original goal_pos': 68.944563905077,
                      'safe goal_pos': 52.73626373626374}}
WARNING:root:Relative goal position magnitude had to be clamped to be safe.
{   'wrist_flex': {   'original goal_pos': 67.51502787090708,
                      'safe goal_pos': 52.73626373626374}}
WARNING:root:Relative goal position magnitude had to be clamped to be safe.
{   'wrist_flex': {   'original goal_pos': 66.03240890945676,
                      'safe goal_pos': 52.73626373626374}}
WARNING:root:Relative goal position magnitude had to be clamped to be safe.
{   'wrist_flex': {   'original goal_pos': 65.4319935582821,
                      'safe goal_pos': 52.73626373626374}}
WARNING:root:Relative goal position magnitude had to be clamped to be safe.
{   'wrist_flex': {   'original goal_pos': 65.33324847694216,
                      'safe goal_pos': 52.73626373626374}}
WARNING:root:Relative goal position magnitude had to be clamped to be safe.
{   'wrist_flex': {   'original goal_pos': 65.22763363011549,
                      'safe goal_pos': 52.73626373626374}}
WARNING:root:Relative goal position magnitude had to be clamped to be safe.
{   'wrist_flex': {   'original goal_pos': 65.23107014192982,
                      'safe goal_pos': 52.73626373626374}}
WARNING:root:Relative goal position magnitude had to be clamped to be safe.
{   'wrist_flex': {   'original goal_pos': 65.06570069523555,
                      'safe goal_pos': 52.73626373626374}}
WARNING:root:Relative goal position magnitude had to be clamped to be safe.
{   'wrist_flex': {   'original goal_pos': 64.91501237831957,
                      'safe goal_pos': 52.73626373626374}}
WARNING:root:Relative goal position magnitude had to be clamped to be safe.
{   'wrist_flex': {   'original goal_pos': 64.76749346358284,
                      'safe goal_pos': 52.73626373626374}}
WARNING:root:Relative goal position magnitude had to be clamped to be safe.
{   'wrist_flex': {   'original goal_pos': 64.28565359946492,
                      'safe goal_pos': 52.73626373626374}}
WARNING:root:Relative goal position magnitude had to be clamped to be safe.
{   'wrist_flex': {   'original goal_pos': 63.37620314338829,
                      'safe goal_pos': 52.73626373626374}}
WARNING:root:Relative goal position magnitude had to be clamped to be safe.
{   'wrist_flex': {   'original goal_pos': 61.99376413767211,
                      'safe goal_pos': 52.73626373626374}}
WARNING:root:Relative goal position magnitude had to be clamped to be safe.
{   'wrist_flex': {   'original goal_pos': 60.573552961214766,
                      'safe goal_pos': 52.73626373626374}}
WARNING:root:Relative goal position magnitude had to be clamped to be safe.
{   'wrist_flex': {   'original goal_pos': 60.19842432294183,
                      'safe goal_pos': 52.73626373626374}}
WARNING:root:Relative goal position magnitude had to be clamped to be safe.
{   'wrist_flex': {   'original goal_pos': 61.087732484025636,
                      'safe goal_pos': 52.73626373626374}}
WARNING:root:Relative goal position magnitude had to be clamped to be safe.
{   'wrist_flex': {   'original goal_pos': 62.3576241882682,
                      'safe goal_pos': 52.73626373626374}}
WARNING:root:Relative goal position magnitude had to be clamped to be safe.
{   'wrist_flex': {   'original goal_pos': 63.57700090419881,
                      'safe goal_pos': 52.73626373626374}}
WARNING:root:Relative goal position magnitude had to be clamped to be safe.
{   'wrist_flex': {   'original goal_pos': 64.38501964493727,
                      'safe goal_pos': 52.73626373626374}}
WARNING:root:Relative goal position magnitude had to be clamped to be safe.
{   'wrist_flex': {   'original goal_pos': 64.9087954275211,
                      'safe goal_pos': 52.73626373626374}}
WARNING:root:Relative goal position magnitude had to be clamped to be safe.
{   'wrist_flex': {   'original goal_pos': 65.22233473250073,
                      'safe goal_pos': 52.73626373626374}}
WARNING:root:Relative goal position magnitude had to be clamped to be safe.
{   'wrist_flex': {   'original goal_pos': 65.18279336338772,
                      'safe goal_pos': 52.73626373626374}}
WARNING:root:Relative goal position magnitude had to be clamped to be safe.
{   'wrist_flex': {   'original goal_pos': 64.5590872149419,
                      'safe goal_pos': 52.73626373626374}}
WARNING:root:Relative goal position magnitude had to be clamped to be safe.
{   'wrist_flex': {   'original goal_pos': 63.707468442235054,
                      'safe goal_pos': 52.73626373626374}}
WARNING:root:Relative goal position magnitude had to be clamped to be safe.
{   'wrist_flex': {   'original goal_pos': 62.5671218554629,
                      'safe goal_pos': 52.73626373626374}}
WARNING:root:Relative goal position magnitude had to be clamped to be safe.
{   'wrist_flex': {   'original goal_pos': 61.69071722049094,
                      'safe goal_pos': 52.73626373626374}}
WARNING:root:Relative goal position magnitude had to be clamped to be safe.
{   'wrist_flex': {   'original goal_pos': 61.979790289093046,
                      'safe goal_pos': 52.73626373626374}}
WARNING:root:Relative goal position magnitude had to be clamped to be safe.
{   'wrist_flex': {   'original goal_pos': 61.93975069545003,
                      'safe goal_pos': 52.73626373626374}}
WARNING:root:Relative goal position magnitude had to be clamped to be safe.
{   'wrist_flex': {   'original goal_pos': 61.28936534817535,
                      'safe goal_pos': 52.73626373626374}}
WARNING:root:Relative goal position magnitude had to be clamped to be safe.
{   'wrist_flex': {   'original goal_pos': 61.188192548156344,
                      'safe goal_pos': 52.73626373626374}}
WARNING:root:Relative goal position magnitude had to be clamped to be safe.
{   'wrist_flex': {   'original goal_pos': 60.830668117074,
                      'safe goal_pos': 52.73626373626374}}
WARNING:root:Relative goal position magnitude had to be clamped to be safe.
{   'wrist_flex': {   'original goal_pos': 59.672458259428595,
                      'safe goal_pos': 52.73626373626374}}
WARNING:root:Relative goal position magnitude had to be clamped to be safe.
{   'wrist_flex': {   'original goal_pos': 59.91447992295984,
                      'safe goal_pos': 52.73626373626374}}
WARNING:root:Relative goal position magnitude had to be clamped to be safe.
{   'wrist_flex': {   'original goal_pos': 61.44419601333659,
                      'safe goal_pos': 52.73626373626374}}
WARNING:root:Relative goal position magnitude had to be clamped to be safe.
{   'wrist_flex': {   'original goal_pos': 62.735582181897996,
                      'safe goal_pos': 52.73626373626374}}
WARNING:root:Relative goal position magnitude had to be clamped to be safe.
{   'wrist_flex': {   'original goal_pos': 64.47585393198008,
                      'safe goal_pos': 52.73626373626374}}
WARNING:root:Relative goal position magnitude had to be clamped to be safe.
{   'wrist_flex': {   'original goal_pos': 66.30539673124058,
                      'safe goal_pos': 52.73626373626374}}
WARNING:root:Relative goal position magnitude had to be clamped to be safe.
{   'wrist_flex': {   'original goal_pos': 68.13431104159531,
                      'safe goal_pos': 52.73626373626374}}
WARNING:root:Relative goal position magnitude had to be clamped to be safe.
{   'wrist_flex': {   'original goal_pos': 70.10967926314329,
                      'safe goal_pos': 52.73626373626374}}
WARNING:root:Relative goal position magnitude had to be clamped to be safe.
{   'wrist_flex': {   'original goal_pos': 72.16958995385413,
                      'safe goal_pos': 52.73626373626374}}
WARNING:root:Relative goal position magnitude had to be clamped to be safe.
{   'wrist_flex': {   'original goal_pos': 73.88742866410068,
                      'safe goal_pos': 52.73626373626374}}
WARNING:root:Relative goal position magnitude had to be clamped to be safe.
{   'wrist_flex': {   'original goal_pos': 75.26801548616726,
                      'safe goal_pos': 52.73626373626374}}
WARNING:root:Relative goal position magnitude had to be clamped to be safe.
{   'wrist_flex': {   'original goal_pos': 76.34613604654443,
                      'safe goal_pos': 52.73626373626374}}
WARNING:root:Relative goal position magnitude had to be clamped to be safe.
{   'wrist_flex': {   'original goal_pos': 77.21467418290604,
                      'safe goal_pos': 52.73626373626374}}
WARNING:root:Relative goal position magnitude had to be clamped to be safe.
{   'wrist_flex': {   'original goal_pos': 78.02222893701656,
                      'safe goal_pos': 52.73626373626374}}
WARNING:root:Relative goal position magnitude had to be clamped to be safe.
{   'wrist_flex': {   'original goal_pos': 78.76649197834459,
                      'safe goal_pos': 52.73626373626374}}
WARNING:root:Relative goal position magnitude had to be clamped to be safe.
{   'wrist_flex': {   'original goal_pos': 79.44756704328077,
                      'safe goal_pos': 52.73626373626374}}
WARNING:root:Relative goal position magnitude had to be clamped to be safe.
{   'wrist_flex': {   'original goal_pos': 80.00900661540803,
                      'safe goal_pos': 52.73626373626374}}
WARNING:root:Relative goal position magnitude had to be clamped to be safe.
{   'wrist_flex': {   'original goal_pos': 80.30547619614293,
                      'safe goal_pos': 52.73626373626374}}
WARNING:root:Relative goal position magnitude had to be clamped to be safe.
{   'wrist_flex': {   'original goal_pos': 80.27940174272422,
                      'safe goal_pos': 52.73626373626374}}
WARNING:root:Relative goal position magnitude had to be clamped to be safe.
{   'wrist_flex': {   'original goal_pos': 79.79142619677282,
                      'safe goal_pos': 52.73626373626374}}
WARNING:root:Relative goal position magnitude had to be clamped to be safe.
{   'wrist_flex': {   'original goal_pos': 78.93810146192384,
                      'safe goal_pos': 52.73626373626374}}
WARNING:root:Relative goal position magnitude had to be clamped to be safe.
{   'wrist_flex': {   'original goal_pos': 77.76345652668834,
                      'safe goal_pos': 52.73626373626374}}
WARNING:root:Relative goal position magnitude had to be clamped to be safe.
{   'wrist_flex': {   'original goal_pos': 76.18768703854103,
                      'safe goal_pos': 52.73626373626374}}
WARNING:root:Relative goal position magnitude had to be clamped to be safe.
{   'wrist_flex': {   'original goal_pos': 74.942773930663,
                      'safe goal_pos': 52.73626373626374}}
WARNING:root:Relative goal position magnitude had to be clamped to be safe.
{   'wrist_flex': {   'original goal_pos': 74.64982612162349,
                      'safe goal_pos': 52.73626373626374}}
WARNING:root:Relative goal position magnitude had to be clamped to be safe.
{   'wrist_flex': {   'original goal_pos': 75.52172342813776,
                      'safe goal_pos': 52.73626373626374}}
WARNING:root:Relative goal position magnitude had to be clamped to be safe.
{   'wrist_flex': {   'original goal_pos': 77.12758196618448,
                      'safe goal_pos': 52.73626373626374}}
WARNING:root:Relative goal position magnitude had to be clamped to be safe.
{   'wrist_flex': {   'original goal_pos': 79.2068960975196,
                      'safe goal_pos': 52.73626373626374}}
WARNING:root:Relative goal position magnitude had to be clamped to be safe.
{   'wrist_roll': {   'original goal_pos': 91.6343527116264,
                      'safe goal_pos': 88.91208791208791}}
WARNING:root:Relative goal position magnitude had to be clamped to be safe.
{   'wrist_flex': {   'original goal_pos': 81.71629456712886,
                      'safe goal_pos': 52.73626373626374}}
WARNING:root:Relative goal position magnitude had to be clamped to be safe.
{   'wrist_roll': {   'original goal_pos': 97.50412961069455,
                      'safe goal_pos': 91.54945054945054}}
WARNING:root:Relative goal position magnitude had to be clamped to be safe.
{   'wrist_flex': {   'original goal_pos': 83.85265192201634,
                      'safe goal_pos': 52.73626373626374}}
WARNING:root:Relative goal position magnitude had to be clamped to be safe.
{   'wrist_roll': {   'original goal_pos': 102.00792124511571,
                      'safe goal_pos': 94.1868131868132}}
WARNING:root:Relative goal position magnitude had to be clamped to be safe.
{   'wrist_flex': {   'original goal_pos': 85.37298709182079,
                      'safe goal_pos': 52.73626373626374}}
WARNING:root:Relative goal position magnitude had to be clamped to be safe.
{   'wrist_roll': {   'original goal_pos': 106.4458477619552,
                      'safe goal_pos': 96.91208791208791}}
WARNING:root:Relative goal position magnitude had to be clamped to be safe.
{   'wrist_flex': {   'original goal_pos': 86.56667560548038,
                      'safe goal_pos': 52.73626373626374}}
WARNING:root:Relative goal position magnitude had to be clamped to be safe.
{   'wrist_roll': {   'original goal_pos': 109.15128512297726,
                      'safe goal_pos': 99.28571428571428}}
WARNING:root:Relative goal position magnitude had to be clamped to be safe.
{   'wrist_flex': {   'original goal_pos': 87.60532290135612,
                      'safe goal_pos': 52.73626373626374}}
WARNING:root:Relative goal position magnitude had to be clamped to be safe.
{   'wrist_roll': {   'original goal_pos': 111.76937008958862,
                      'safe goal_pos': 102.36263736263737}}
WARNING:root:Relative goal position magnitude had to be clamped to be safe.
{   'wrist_flex': {   'original goal_pos': 88.35075058675373,
                      'safe goal_pos': 52.73626373626374}}
WARNING:root:Relative goal position magnitude had to be clamped to be safe.
{   'wrist_roll': {   'original goal_pos': 112.70864201903781,
                      'safe goal_pos': 105.0}}
WARNING:root:Relative goal position magnitude had to be clamped to be safe.
{   'wrist_flex': {   'original goal_pos': 88.83020485059414,
                      'safe goal_pos': 52.73626373626374}}
WARNING:root:Relative goal position magnitude had to be clamped to be safe.
{   'wrist_roll': {   'original goal_pos': 113.5595553675836,
                      'safe goal_pos': 107.54945054945054}}
WARNING:root:Relative goal position magnitude had to be clamped to be safe.
{   'wrist_flex': {   'original goal_pos': 88.70413637506587,
                      'safe goal_pos': 52.73626373626374}}
WARNING:root:Relative goal position magnitude had to be clamped to be safe.
{   'wrist_roll': {   'original goal_pos': 113.17349517287141,
                      'safe goal_pos': 110.27472527472527}}
WARNING:root:Relative goal position magnitude had to be clamped to be safe.
{   'wrist_flex': {   'original goal_pos': 88.1710004256708,
                      'safe goal_pos': 52.73626373626374}}
WARNING:root:Relative goal position magnitude had to be clamped to be safe.
{   'wrist_flex': {   'original goal_pos': 87.70445263139523,
                      'safe goal_pos': 52.73626373626374}}
WARNING:root:Relative goal position magnitude had to be clamped to be safe.
{   'wrist_flex': {   'original goal_pos': 86.69326326910618,
                      'safe goal_pos': 52.73626373626374}}
WARNING:root:Relative goal position magnitude had to be clamped to be safe.
{   'wrist_flex': {   'original goal_pos': 85.1631032090849,
                      'safe goal_pos': 52.73626373626374}}
WARNING:root:Relative goal position magnitude had to be clamped to be safe.
{   'wrist_flex': {   'original goal_pos': 83.88300521726981,
                      'safe goal_pos': 52.73626373626374}}
WARNING:root:Relative goal position magnitude had to be clamped to be safe.
{   'wrist_flex': {   'original goal_pos': 83.69562030560319,
                      'safe goal_pos': 52.73626373626374}}
WARNING:root:Relative goal position magnitude had to be clamped to be safe.
{   'wrist_flex': {   'original goal_pos': 84.15812453406944,
                      'safe goal_pos': 52.73626373626374}}
WARNING:root:Relative goal position magnitude had to be clamped to be safe.
{   'wrist_flex': {   'original goal_pos': 84.47014630652656,
                      'safe goal_pos': 52.73626373626374}}
WARNING:root:Relative goal position magnitude had to be clamped to be safe.
{   'wrist_flex': {   'original goal_pos': 84.85745076302668,
                      'safe goal_pos': 52.73626373626374}}
WARNING:root:Relative goal position magnitude had to be clamped to be safe.
{   'wrist_flex': {   'original goal_pos': 85.06688624272296,
                      'safe goal_pos': 52.73626373626374}}
WARNING:root:Relative goal position magnitude had to be clamped to be safe.
{   'wrist_flex': {   'original goal_pos': 84.9410469840349,
                      'safe goal_pos': 52.73626373626374}}
WARNING:root:Relative goal position magnitude had to be clamped to be safe.
{   'wrist_flex': {   'original goal_pos': 85.10562817184952,
                      'safe goal_pos': 52.73626373626374}}
WARNING:root:Relative goal position magnitude had to be clamped to be safe.
{   'wrist_flex': {   'original goal_pos': 85.53417316969548,
                      'safe goal_pos': 52.73626373626374}}
WARNING:root:Relative goal position magnitude had to be clamped to be safe.
{   'wrist_flex': {   'original goal_pos': 86.04168393729314,
                      'safe goal_pos': 52.73626373626374}}
WARNING:root:Relative goal position magnitude had to be clamped to be safe.
{   'wrist_flex': {   'original goal_pos': 86.60834903607257,
                      'safe goal_pos': 52.73626373626374}}
WARNING:root:Relative goal position magnitude had to be clamped to be safe.
{   'wrist_flex': {   'original goal_pos': 87.280435550791,
                      'safe goal_pos': 52.73626373626374}}
WARNING:root:Relative goal position magnitude had to be clamped to be safe.
{   'wrist_flex': {   'original goal_pos': 87.32921325420354,
                      'safe goal_pos': 52.73626373626374}}
WARNING:root:Relative goal position magnitude had to be clamped to be safe.
{   'wrist_flex': {   'original goal_pos': 86.9194465116371,
                      'safe goal_pos': 52.73626373626374}}
WARNING:root:Relative goal position magnitude had to be clamped to be safe.
{   'wrist_flex': {   'original goal_pos': 86.95993125187326,
                      'safe goal_pos': 52.73626373626374}}
WARNING:root:Relative goal position magnitude had to be clamped to be safe.
{   'wrist_flex': {   'original goal_pos': 86.39393500402068,
                      'safe goal_pos': 52.73626373626374}}
WARNING:root:Relative goal position magnitude had to be clamped to be safe.
{   'wrist_flex': {   'original goal_pos': 85.1668637897045,
                      'safe goal_pos': 52.73626373626374}}
WARNING:root:Relative goal position magnitude had to be clamped to be safe.
{   'wrist_flex': {   'original goal_pos': 83.92146498654485,
                      'safe goal_pos': 52.73626373626374}}
WARNING:root:Relative goal position magnitude had to be clamped to be safe.
{   'wrist_flex': {   'original goal_pos': 82.81895474275781,
                      'safe goal_pos': 52.73626373626374}}
WARNING:root:Relative goal position magnitude had to be clamped to be safe.
{   'wrist_flex': {   'original goal_pos': 82.18291977048534,
                      'safe goal_pos': 52.73626373626374}}
WARNING:root:Relative goal position magnitude had to be clamped to be safe.
{   'wrist_flex': {   'original goal_pos': 81.97758155010811,
                      'safe goal_pos': 52.73626373626374}}
WARNING:root:Relative goal position magnitude had to be clamped to be safe.
{   'wrist_flex': {   'original goal_pos': 81.39158826179249,
                      'safe goal_pos': 52.73626373626374}}
WARNING:root:Relative goal position magnitude had to be clamped to be safe.
{   'wrist_flex': {   'original goal_pos': 80.07726276996752,
                      'safe goal_pos': 52.73626373626374}}
WARNING:root:Relative goal position magnitude had to be clamped to be safe.
{   'wrist_flex': {   'original goal_pos': 78.1774095047072,
                      'safe goal_pos': 52.73626373626374}}
WARNING:root:Relative goal position magnitude had to be clamped to be safe.
{   'wrist_flex': {   'original goal_pos': 75.5456697162841,
                      'safe goal_pos': 52.73626373626374}}
WARNING:root:Relative goal position magnitude had to be clamped to be safe.
{   'wrist_flex': {   'original goal_pos': 73.19828176040551,
                      'safe goal_pos': 52.73626373626374}}
WARNING:root:Relative goal position magnitude had to be clamped to be safe.
{   'wrist_flex': {   'original goal_pos': 72.08139090057182,
                      'safe goal_pos': 52.73626373626374}}
WARNING:root:Relative goal position magnitude had to be clamped to be safe.
{   'wrist_flex': {   'original goal_pos': 71.7008402607072,
                      'safe goal_pos': 52.73626373626374}}
WARNING:root:Relative goal position magnitude had to be clamped to be safe.
{   'wrist_flex': {   'original goal_pos': 71.7647398632116,
                      'safe goal_pos': 52.73626373626374}}
WARNING:root:Relative goal position magnitude had to be clamped to be safe.
{   'wrist_flex': {   'original goal_pos': 71.35604325034937,
                      'safe goal_pos': 52.73626373626374}}
WARNING:root:Relative goal position magnitude had to be clamped to be safe.
{   'wrist_flex': {   'original goal_pos': 69.31938658788573,
                      'safe goal_pos': 52.73626373626374}}
WARNING:root:Relative goal position magnitude had to be clamped to be safe.
{   'wrist_flex': {   'original goal_pos': 66.05897798814588,
                      'safe goal_pos': 52.73626373626374}}
WARNING:root:Relative goal position magnitude had to be clamped to be safe.
{   'wrist_flex': {   'original goal_pos': 60.24604857830721,
                      'safe goal_pos': 52.73626373626374}}
WARNING:root:Relative goal position magnitude had to be clamped to be safe.
{   'shoulder_pan': {   'original goal_pos': -45.951912117669025,
                        'safe goal_pos': -43.59340659340659}}
WARNING:root:Relative goal position magnitude had to be clamped to be safe.
{   'shoulder_pan': {   'original goal_pos': -47.93,
                        'safe goal_pos': -44.73626373626374}}
WARNING:root:Relative goal position magnitude had to be clamped to be safe.
{   'shoulder_pan': {   'original goal_pos': -47.93,
                        'safe goal_pos': -45.879120879120876}}
WARNING:root:Relative goal position magnitude had to be clamped to be safe.
{   'shoulder_pan': {   'original goal_pos': -47.93,
                        'safe goal_pos': -47.02197802197802}}
WARNING:root:Relative goal position magnitude had to be clamped to be safe.
{   'shoulder_pan': {   'original goal_pos': -47.93,
                        'safe goal_pos': -47.9010989010989}}
WARNING:root:Relative goal position magnitude had to be clamped to be safe.
{   'wrist_flex': {   'original goal_pos': 55.28293616747884,
                      'safe goal_pos': 52.73626373626374}}
WARNING:root:Relative goal position magnitude had to be clamped to be safe.
{   'wrist_flex': {   'original goal_pos': 58.32506904084534,
                      'safe goal_pos': 52.73626373626374}}
WARNING:root:Relative goal position magnitude had to be clamped to be safe.
{   'wrist_flex': {   'original goal_pos': 60.72984103622163,
                      'safe goal_pos': 52.73626373626374}}
WARNING:root:Relative goal position magnitude had to be clamped to be safe.
{   'wrist_flex': {   'original goal_pos': 62.689837640678704,
                      'safe goal_pos': 52.73626373626374}}
WARNING:root:Relative goal position magnitude had to be clamped to be safe.
{   'wrist_flex': {   'original goal_pos': 64.26737349504833,
                      'safe goal_pos': 52.73626373626374}}
WARNING:root:Relative goal position magnitude had to be clamped to be safe.
{   'wrist_flex': {   'original goal_pos': 65.5284363848858,
                      'safe goal_pos': 52.73626373626374}}
WARNING:root:Relative goal position magnitude had to be clamped to be safe.
{   'wrist_flex': {   'original goal_pos': 66.48716371580863,
                      'safe goal_pos': 52.73626373626374}}
WARNING:root:Relative goal position magnitude had to be clamped to be safe.
{   'wrist_flex': {   'original goal_pos': 67.23529117845949,
                      'safe goal_pos': 52.73626373626374}}
WARNING:root:Relative goal position magnitude had to be clamped to be safe.
{   'wrist_flex': {   'original goal_pos': 67.98439071239892,
                      'safe goal_pos': 52.73626373626374}}
WARNING:root:Relative goal position magnitude had to be clamped to be safe.
{   'wrist_flex': {   'original goal_pos': 68.52266203178786,
                      'safe goal_pos': 52.73626373626374}}
WARNING:root:Relative goal position magnitude had to be clamped to be safe.
{   'wrist_flex': {   'original goal_pos': 68.82606321878885,
                      'safe goal_pos': 52.73626373626374}}
WARNING:root:Relative goal position magnitude had to be clamped to be safe.
{   'wrist_flex': {   'original goal_pos': 69.02036826565202,
                      'safe goal_pos': 52.73626373626374}}
WARNING:root:Relative goal position magnitude had to be clamped to be safe.
{   'wrist_flex': {   'original goal_pos': 69.21524796525235,
                      'safe goal_pos': 52.73626373626374}}
WARNING:root:Relative goal position magnitude had to be clamped to be safe.
{   'wrist_flex': {   'original goal_pos': 69.3851425544676,
                      'safe goal_pos': 52.73626373626374}}
WARNING:root:Relative goal position magnitude had to be clamped to be safe.
{   'wrist_flex': {   'original goal_pos': 69.52035322229699,
                      'safe goal_pos': 52.73626373626374}}
WARNING:root:Relative goal position magnitude had to be clamped to be safe.
{   'wrist_flex': {   'original goal_pos': 69.72019119900516,
                      'safe goal_pos': 52.73626373626374}}
WARNING:root:Relative goal position magnitude had to be clamped to be safe.
{   'wrist_flex': {   'original goal_pos': 69.7562325149595,
                      'safe goal_pos': 52.73626373626374}}
WARNING:root:Relative goal position magnitude had to be clamped to be safe.
{   'wrist_flex': {   'original goal_pos': 69.60263980655881,
                      'safe goal_pos': 52.73626373626374}}
WARNING:root:Relative goal position magnitude had to be clamped to be safe.
{   'wrist_flex': {   'original goal_pos': 69.56693770110499,
                      'safe goal_pos': 52.73626373626374}}
WARNING:root:Relative goal position magnitude had to be clamped to be safe.
{   'wrist_flex': {   'original goal_pos': 69.86029515349614,
                      'safe goal_pos': 52.73626373626374}}
WARNING:root:Relative goal position magnitude had to be clamped to be safe.
{   'wrist_flex': {   'original goal_pos': 70.32141879442896,
                      'safe goal_pos': 52.73626373626374}}
WARNING:root:Relative goal position magnitude had to be clamped to be safe.
{   'wrist_flex': {   'original goal_pos': 70.9361292412768,
                      'safe goal_pos': 52.73626373626374}}
WARNING:root:Relative goal position magnitude had to be clamped to be safe.
{   'wrist_flex': {   'original goal_pos': 72.00931969607892,
                      'safe goal_pos': 52.73626373626374}}
WARNING:root:Relative goal position magnitude had to be clamped to be safe.
{   'wrist_flex': {   'original goal_pos': 73.64776394775343,
                      'safe goal_pos': 52.73626373626374}}
WARNING:root:Relative goal position magnitude had to be clamped to be safe.
{   'wrist_flex': {   'original goal_pos': 75.299779416261,
                      'safe goal_pos': 52.73626373626374}}
WARNING:root:Relative goal position magnitude had to be clamped to be safe.
{   'wrist_flex': {   'original goal_pos': 76.6211681757351,
                      'safe goal_pos': 52.73626373626374}}
WARNING:root:Relative goal position magnitude had to be clamped to be safe.
{   'wrist_flex': {   'original goal_pos': 77.25401907073099,
                      'safe goal_pos': 52.73626373626374}}
WARNING:root:Relative goal position magnitude had to be clamped to be safe.
{   'wrist_flex': {   'original goal_pos': 76.96656792585944,
                      'safe goal_pos': 52.73626373626374}}
WARNING:root:Relative goal position magnitude had to be clamped to be safe.
{   'wrist_flex': {   'original goal_pos': 76.20525027269144,
                      'safe goal_pos': 52.73626373626374}}
WARNING:root:Relative goal position magnitude had to be clamped to be safe.
{   'wrist_flex': {   'original goal_pos': 75.28151278738298,
                      'safe goal_pos': 52.73626373626374}}
WARNING:root:Relative goal position magnitude had to be clamped to be safe.
{   'wrist_flex': {   'original goal_pos': 74.3316226775749,
                      'safe goal_pos': 52.73626373626374}}
WARNING:root:Relative goal position magnitude had to be clamped to be safe.
{   'wrist_flex': {   'original goal_pos': 73.4773925652455,
                      'safe goal_pos': 52.73626373626374}}
WARNING:root:Relative goal position magnitude had to be clamped to be safe.
{   'wrist_flex': {   'original goal_pos': 72.42381763075964,
                      'safe goal_pos': 52.73626373626374}}
WARNING:root:Relative goal position magnitude had to be clamped to be safe.
{   'wrist_flex': {   'original goal_pos': 71.54247726895451,
                      'safe goal_pos': 52.73626373626374}}
WARNING:root:Relative goal position magnitude had to be clamped to be safe.
{   'wrist_flex': {   'original goal_pos': 70.56712949627682,
                      'safe goal_pos': 52.73626373626374}}
WARNING:root:Relative goal position magnitude had to be clamped to be safe.
{   'wrist_flex': {   'original goal_pos': 69.51062493163431,
                      'safe goal_pos': 52.73626373626374}}
WARNING:root:Relative goal position magnitude had to be clamped to be safe.
{   'wrist_flex': {   'original goal_pos': 68.84959091609802,
                      'safe goal_pos': 52.73626373626374}}
WARNING:root:Relative goal position magnitude had to be clamped to be safe.
{   'wrist_flex': {   'original goal_pos': 68.50644429601965,
                      'safe goal_pos': 52.73626373626374}}
WARNING:root:Relative goal position magnitude had to be clamped to be safe.
{   'wrist_flex': {   'original goal_pos': 68.80876087347478,
                      'safe goal_pos': 52.73626373626374}}
WARNING:root:Relative goal position magnitude had to be clamped to be safe.
{   'wrist_flex': {   'original goal_pos': 69.23313329667184,
                      'safe goal_pos': 52.73626373626374}}
WARNING:root:Relative goal position magnitude had to be clamped to be safe.
{   'wrist_flex': {   'original goal_pos': 69.95641638835636,
                      'safe goal_pos': 52.73626373626374}}
WARNING:root:Relative goal position magnitude had to be clamped to be safe.
{   'wrist_flex': {   'original goal_pos': 71.43990005217526,
                      'safe goal_pos': 52.73626373626374}}
WARNING:root:Relative goal position magnitude had to be clamped to be safe.
{   'wrist_flex': {   'original goal_pos': np.float64(53.1340102915351),
                      'safe goal_pos': 52.73626373626374}}
WARNING:root:Relative goal position magnitude had to be clamped to be safe.
{   'wrist_flex': {   'original goal_pos': np.float64(53.852289523269604),
                      'safe goal_pos': 52.73626373626374}}
WARNING:root:Relative goal position magnitude had to be clamped to be safe.
{   'wrist_flex': {   'original goal_pos': np.float64(54.55327452711567),
                      'safe goal_pos': 52.73626373626374}}
WARNING:root:Relative goal position magnitude had to be clamped to be safe.
{   'wrist_flex': {   'original goal_pos': np.float64(55.23627351550546),
                      'safe goal_pos': 52.73626373626374}}
WARNING:root:Relative goal position magnitude had to be clamped to be safe.
{   'wrist_flex': {   'original goal_pos': np.float64(55.9006124508969),
                      'safe goal_pos': 52.73626373626374}}
WARNING:root:Relative goal position magnitude had to be clamped to be safe.
{   'wrist_flex': {   'original goal_pos': np.float64(56.54563571096737),
                      'safe goal_pos': 52.73626373626374}}
WARNING:root:Relative goal position magnitude had to be clamped to be safe.
{   'wrist_flex': {   'original goal_pos': np.float64(57.17070673563377),
                      'safe goal_pos': 52.73626373626374}}
WARNING:root:Relative goal position magnitude had to be clamped to be safe.
{   'wrist_flex': {   'original goal_pos': np.float64(57.77520865526053),
                      'safe goal_pos': 52.73626373626374}}
WARNING:root:Relative goal position magnitude had to be clamped to be safe.
{   'wrist_flex': {   'original goal_pos': np.float64(58.35854489943532),
                      'safe goal_pos': 52.73626373626374}}
WARNING:root:Relative goal position magnitude had to be clamped to be safe.
{   'wrist_flex': {   'original goal_pos': np.float64(58.920139785712244),
                      'safe goal_pos': 52.73626373626374}}
WARNING:root:Relative goal position magnitude had to be clamped to be safe.
{   'wrist_flex': {   'original goal_pos': np.float64(59.45943908774067),
                      'safe goal_pos': 52.73626373626374}}
WARNING:root:Relative goal position magnitude had to be clamped to be safe.
{   'wrist_flex': {   'original goal_pos': np.float64(59.9759105822199),
                      'safe goal_pos': 52.73626373626374}}
WARNING:root:Relative goal position magnitude had to be clamped to be safe.
{   'wrist_flex': {   'original goal_pos': np.float64(60.46904457413926),
                      'safe goal_pos': 52.73626373626374}}
WARNING:root:Relative goal position magnitude had to be clamped to be safe.
{   'wrist_flex': {   'original goal_pos': np.float64(60.9383543997855),
                      'safe goal_pos': 52.73626373626374}}
WARNING:root:Relative goal position magnitude had to be clamped to be safe.
{   'wrist_flex': {   'original goal_pos': np.float64(61.38337690702117),
                      'safe goal_pos': 52.73626373626374}}
WARNING:root:Relative goal position magnitude had to be clamped to be safe.
{   'wrist_flex': {   'original goal_pos': np.float64(61.80367291235986),
                      'safe goal_pos': 52.73626373626374}}
WARNING:root:Relative goal position magnitude had to be clamped to be safe.
{   'wrist_flex': {   'original goal_pos': np.float64(62.19882763438722),
                      'safe goal_pos': 52.73626373626374}}
WARNING:root:Relative goal position magnitude had to be clamped to be safe.
{   'wrist_flex': {   'original goal_pos': np.float64(62.56845110310025),
                      'safe goal_pos': 52.73626373626374}}
WARNING:root:Relative goal position magnitude had to be clamped to be safe.
{   'wrist_flex': {   'original goal_pos': np.float64(62.9121785447605),
                      'safe goal_pos': 52.73626373626374}}
WARNING:root:Relative goal position magnitude had to be clamped to be safe.
{   'wrist_flex': {   'original goal_pos': np.float64(63.229670741881776),
                      'safe goal_pos': 52.73626373626374}}
WARNING:root:Relative goal position magnitude had to be clamped to be safe.
{   'wrist_flex': {   'original goal_pos': np.float64(63.5206143679968),
                      'safe goal_pos': 52.73626373626374}}
WARNING:root:Relative goal position magnitude had to be clamped to be safe.
{   'wrist_flex': {   'original goal_pos': np.float64(63.784722296872644),
                      'safe goal_pos': 52.73626373626374}}
WARNING:root:Relative goal position magnitude had to be clamped to be safe.
{   'wrist_flex': {   'original goal_pos': np.float64(64.02173388586966),
                      'safe goal_pos': 52.73626373626374}}
WARNING:root:Relative goal position magnitude had to be clamped to be safe.
{   'wrist_flex': {   'original goal_pos': np.float64(64.23141523316427),
                      'safe goal_pos': 52.73626373626374}}
WARNING:root:Relative goal position magnitude had to be clamped to be safe.
{   'wrist_flex': {   'original goal_pos': np.float64(64.41355940858183),
                      'safe goal_pos': 52.73626373626374}}
WARNING:root:Relative goal position magnitude had to be clamped to be safe.
{   'wrist_flex': {   'original goal_pos': np.float64(64.5679866578117),
                      'safe goal_pos': 52.73626373626374}}
WARNING:root:Relative goal position magnitude had to be clamped to be safe.
{   'wrist_flex': {   'original goal_pos': np.float64(64.69454457980315),
                      'safe goal_pos': 52.73626373626374}}
WARNING:root:Relative goal position magnitude had to be clamped to be safe.
{   'wrist_flex': {   'original goal_pos': np.float64(64.7931082771667),
                      'safe goal_pos': 52.73626373626374}}
WARNING:root:Relative goal position magnitude had to be clamped to be safe.
{   'wrist_flex': {   'original goal_pos': np.float64(64.86358047943277),
                      'safe goal_pos': 52.73626373626374}}
WARNING:root:Relative goal position magnitude had to be clamped to be safe.
{   'wrist_flex': {   'original goal_pos': np.float64(64.90589163904596),
                      'safe goal_pos': 52.73626373626374}}
WARNING:root:Relative goal position magnitude had to be clamped to be safe.
{   'wrist_flex': {   'original goal_pos': np.float64(64.92),
                      'safe goal_pos': 52.73626373626374}}
clip=clip_uihmkro2gdyoa  1575 steps @ 30 Hz  (52.5s)  motion scale=0.95
  left  offsets(deg): {'shoulder_pan': '-41..+28', 'shoulder_lift': '-31..+50', 'elbow_flex': '-31..+21', 'wrist_flex': '-28..+60', 'wrist_roll': '-75..+80'}
  right offsets(deg): {'shoulder_pan': '-35..+39', 'shoulder_lift': '-50..+38', 'elbow_flex': '-31..+39', 'wrist_flex': '-36..+51', 'wrist_roll': '-65..+71'}
  head   turn -50..+44  nod -48..+47 deg
connected left  neutral (calibrated standing pose)={'shoulder_pan': 12.5, 'shoulder_lift': -4.3, 'elbow_flex': 22.9, 'wrist_flex': 35.0, 'wrist_roll': 63.2, 'gripper': 40.8}
connected right neutral (calibrated standing pose)={'shoulder_pan': -22.0, 'shoulder_lift': -11.4, 'elbow_flex': 19.2, 'wrist_flex': 16.4, 'wrist_roll': 14.5, 'gripper': 47.7}
connected head  neutral (calibrated standing pose)={'shoulder_pan': 2.1, 'shoulder_lift': 53.9, 'elbow_flex': -2.2, 'wrist_flex': 64.9, 'wrist_roll': -76.9, 'gripper': 95.5}

fitting motion to each arm's calibrated travel:
  left:
    ok  shoulder_pan    start=  +12.5 cmd=[  -28.6,  +40.3] travel=[ -107.9, +107.9] margin=+68
    ok  shoulder_lift   start=   -4.3 cmd=[  -35.5,  +45.3] travel=[ -107.8, +107.8] margin=+63
    ok  elbow_flex      start=  +22.9 cmd=[   -8.4,  +43.8] travel=[  -97.8,  +97.8] margin=+54
    ok  wrist_flex      start=  +35.0 cmd=[   +7.5,  +95.0] travel=[ -104.6, +104.6] margin=+10
    ok  wrist_roll      start=  +63.2 cmd=[  -12.1, +143.2] travel=[ -180.0, +180.0] margin=+37
  right:
    ok  shoulder_pan    start=  -22.0 cmd=[  -57.1,  +16.9] travel=[ -103.1, +103.1] margin=+46
    ok  shoulder_lift   start=  -11.4 cmd=[  -61.4,  +26.8] travel=[ -105.1, +105.1] margin=+44
    ok  elbow_flex      start=  +19.2 cmd=[  -11.8,  +58.5] travel=[  -98.8,  +98.8] margin=+40
    ok  wrist_flex      start=  +16.4 cmd=[  -19.9,  +67.5] travel=[ -103.9, +103.9] margin=+36
    ok  wrist_roll      start=  +14.5 cmd=[  -50.3,  +86.0] travel=[ -180.0, +180.0] margin=+94
  head:
    ok  shoulder_pan    start=   +2.1 cmd=[  -47.9,  +46.5] travel=[ -101.8, +101.8] margin=+54
    ok  wrist_flex      start=  +64.9 cmd=[  +16.9, +112.0] travel=[ -179.0, +179.0] margin=+67

moving to start pose...
WARNING: left did not settle within tolerance before the time limit.
WARNING: right did not settle within tolerance before the time limit.
WARNING: head did not settle within tolerance before the time limit.

>>> KEEP HANDS CLEAR OF THE ARMS <<<
starting in 3...
starting in 2...
starting in 1...
>>> GO <<<

interrupted -- easing down to rest
  left: eased down to rest over 4.0s
  right: eased down to rest over 4.0s
  head: eased down to rest over 4.0s
disconnect head: Failed to write 'Torque_Enable' on id_=4 with '0' after 6 tries. [RxPacketError] Overload error!
disconnected
